"";"gkz";"Unterstützer";"Wahlberechtigte";"Anteil";"Name"
"1";10101;949;10627;8,93;"Eisenstadt"
"2";10201;87;1580;5,51;"Rust"
"3";10301;137;1600;8,56;"Breitenbrunn am Neusiedler See"
"4";10302;92;1530;6,01;"Donnerskirchen"
"5";10303;123;1670;7,37;"Großhöflein"
"6";10304;234;2341;10;"Hornstein"
"7";10305;52;884;5,88;"Klingenbach"
"8";10306;70;957;7,31;"Leithaprodersdorf"
"9";10307;90;1818;4,95;"Mörbisch am See"
"10";10308;91;1137;8;"Müllendorf"
"11";10309;215;2595;8,29;"Neufeld an der Leitha"
"12";10310;83;1464;5,67;"Oggau am Neusiedler See"
"13";10311;68;1014;6,71;"Oslip"
"14";10312;145;2373;6,11;"Purbach am Neusiedler See"
"15";10313;129;2278;5,66;"Sankt Margarethen im Burgenland"
"16";10314;73;1098;6,65;"Schützen am Gebirge"
"17";10315;190;2214;8,58;"Siegendorf"
"18";10316;160;2040;7,84;"Steinbrunn"
"19";10317;129;1665;7,75;"Trausdorf an der Wulka"
"20";10318;57;1189;4,79;"Wimpassing an der Leitha"
"21";10319;140;1470;9,52;"Wulkaprodersdorf"
"22";10320;24;401;5,99;"Loretto"
"23";10321;28;657;4,26;"Stotzing"
"24";10322;64;741;8,64;"Zillingtal"
"25";10323;68;814;8,35;"Zagersdorf"
"26";10401;37;686;5,39;"Bocksdorf"
"27";10402;86;1088;7,9;"Burgauberg-Neudauberg"
"28";10403;45;726;6,2;"Eberau"
"29";10404;54;832;6,49;"Gerersdorf-Sulz"
"30";10405;194;2984;6,5;"Güssing"
"31";10406;49;747;6,56;"Güttenbach"
"32";10407;47;667;7,05;"Heiligenbrunn"
"33";10408;92;1659;5,55;"Kukmirn"
"34";10409;49;848;5,78;"Neuberg im Burgenland"
"35";10410;21;414;5,07;"Neustift bei Güssing"
"36";10411;57;1213;4,7;"Olbendorf"
"37";10412;56;813;6,89;"Ollersdorf im Burgenland"
"38";10413;38;819;4,64;"Sankt Michael im Burgenland"
"39";10414;145;2079;6,97;"Stegersbach"
"40";10415;68;953;7,14;"Stinatz"
"41";10416;46;764;6,02;"Strem"
"42";10417;62;1088;5,7;"Tobaj"
"43";10418;18;285;6,32;"Hackerberg"
"44";10419;42;386;10,88;"Wörterberg"
"45";10420;9;212;4,25;"Großmürbisch"
"46";10421;17;262;6,49;"Inzenhof"
"47";10422;8;206;3,88;"Kleinmürbisch"
"48";10423;6;55;10,91;"Tschanigraben"
"49";10424;6;183;3,28;"Heugraben"
"50";10425;12;334;3,59;"Rohr im Burgenland"
"51";10426;3;262;1,15;"Bildein"
"52";10427;12;366;3,28;"Rauchwart"
"53";10428;20;331;6,04;"Moschendorf"
"54";10501;120;1454;8,25;"Deutsch Kaltenbrunn"
"55";10502;68;785;8,66;"Eltendorf"
"56";10503;36;972;3,7;"Heiligenkreuz im Lafnitztal"
"57";10504;162;3450;4,7;"Jennersdorf"
"58";10505;53;881;6,02;"Minihof-Liebau"
"59";10506;49;923;5,31;"Mogersdorf"
"60";10507;32;763;4,19;"Neuhaus am Klausenbach"
"61";10508;125;1823;6,86;"Rudersdorf"
"62";10509;104;1681;6,19;"Sankt Martin an der Raab"
"63";10510;14;593;2,36;"Weichselbaum"
"64";10511;55;604;9,11;"Königsdorf"
"65";10512;12;331;3,63;"Mühlgraben"
"66";10601;99;931;10,63;"Draßburg"
"67";10602;129;2284;5,65;"Forchtenstein"
"68";10603;56;749;7,48;"Hirm"
"69";10604;56;988;5,67;"Loipersbach im Burgenland"
"70";10605;101;1634;6,18;"Marz"
"71";10606;387;5707;6,78;"Mattersburg"
"72";10607;250;3431;7,29;"Neudörfl"
"73";10608;76;601;12,65;"Pöttelsdorf"
"74";10609;199;2360;8,43;"Pöttsching"
"75";10610;162;2153;7,52;"Rohrbach bei Mattersburg"
"76";10611;168;1728;9,72;"Bad Sauerbrunn"
"77";10612;131;1965;6,67;"Schattendorf"
"78";10613;42;1009;4,16;"Sieggraben"
"79";10614;106;968;10,95;"Sigleß"
"80";10615;113;2198;5,14;"Wiesen"
"81";10616;32;601;5,32;"Antau"
"82";10617;67;704;9,52;"Baumgarten"
"83";10618;62;987;6,28;"Zemendorf-Stöttera"
"84";10619;35;491;7,13;"Krensdorf"
"85";10701;77;1922;4,01;"Andau"
"86";10702;38;1541;2,47;"Apetlon"
"87";10703;163;2346;6,95;"Bruckneudorf"
"88";10704;16;443;3,61;"Deutsch Jahrndorf"
"89";10705;104;2334;4,46;"Frauenkirchen"
"90";10706;60;931;6,44;"Gattendorf"
"91";10707;171;3101;5,51;"Gols"
"92";10708;91;1594;5,71;"Halbturn"
"93";10709;106;2038;5,2;"Illmitz"
"94";10710;83;1241;6,69;"Jois"
"95";10711;57;1486;3,84;"Kittsee"
"96";10712;55;1824;3,02;"Mönchhof"
"97";10713;585;6061;9,65;"Neusiedl am See"
"98";10714;71;1244;5,71;"Nickelsdorf"
"99";10715;48;862;5,57;"Pama"
"100";10716;52;1394;3,73;"Pamhagen"
"101";10717;153;3192;4,79;"Parndorf"
"102";10718;146;1737;8,41;"Podersdorf am See"
"103";10719;60;1133;5,3;"Sankt Andrä am Zicksee"
"104";10720;25;1018;2,46;"Tadten"
"105";10721;56;1433;3,91;"Wallern im Burgenland"
"106";10722;164;1932;8,49;"Weiden am See"
"107";10723;49;1077;4,55;"Winden am See"
"108";10724;77;1680;4,58;"Zurndorf"
"109";10725;36;571;6,3;"Neudorf"
"110";10726;15;439;3,42;"Potzneusiedl"
"111";10727;22;495;4,44;"Edelstal"
"112";10801;139;2550;5,45;"Deutschkreutz"
"113";10802;57;1147;4,97;"Draßmarkt"
"114";10803;43;949;4,53;"Frankenau-Unterpullendorf"
"115";10804;71;1158;6,13;"Großwarasdorf"
"116";10805;86;1500;5,73;"Horitschon"
"117";10806;40;481;8,32;"Kaisersdorf"
"118";10807;103;1552;6,64;"Kobersdorf"
"119";10808;42;933;4,5;"Lackenbach"
"120";10809;90;1662;5,42;"Lockenhaus"
"121";10810;58;708;8,19;"Lutzmannsburg"
"122";10811;60;1480;4,05;"Mannersdorf an der Rabnitz"
"123";10812;81;985;8,22;"Markt Sankt Martin"
"124";10813;57;1397;4,08;"Neckenmarkt"
"125";10814;72;886;8,13;"Neutal"
"126";10815;64;1165;5,49;"Nikitsch"
"127";10816;165;2476;6,66;"Oberpullendorf"
"128";10817;47;1409;3,34;"Pilgersdorf"
"129";10818;46;702;6,55;"Piringsdorf"
"130";10819;28;723;3,87;"Raiding"
"131";10820;58;741;7,83;"Ritzing"
"132";10821;107;1051;10,18;"Steinberg-Dörfl"
"133";10822;93;1155;8,05;"Stoob"
"134";10823;78;1499;5,2;"Weppersdorf"
"135";10824;14;504;2,78;"Lackendorf"
"136";10825;26;526;4,94;"Unterfrauenhaid"
"137";10826;15;525;2,86;"Unterrabnitz-Schwendgraben"
"138";10827;22;283;7,77;"Weingraben"
"139";10828;18;672;2,68;"Oberloisdorf"
"140";10901;161;1248;12,9;"Bad Tatzmannsdorf"
"141";10902;94;1779;5,28;"Bernstein"
"142";10903;45;961;4,68;"Deutsch Schützen-Eisenberg"
"143";10904;57;1037;5,5;"Grafenschachen"
"144";10905;227;2871;7,91;"Großpetersdorf"
"145";10906;27;638;4,23;"Hannersdorf"
"146";10907;75;1234;6,08;"Kemeten"
"147";10908;46;1216;3,78;"Kohfidisch"
"148";10909;68;952;7,14;"Litzelsdorf"
"149";10910;53;1043;5,08;"Loipersdorf-Kitzladen"
"150";10911;43;975;4,41;"Mariasdorf"
"151";10912;114;1492;7,64;"Markt Allhau"
"152";10913;22;553;3,98;"Markt Neuhodis"
"153";10914;53;1363;3,89;"Mischendorf"
"154";10915;30;842;3,56;"Oberdorf im Burgenland"
"155";10916;169;1880;8,99;"Oberschützen"
"156";10917;528;5640;9,36;"Oberwart"
"157";10918;325;4429;7,34;"Pinkafeld"
"158";10919;116;2413;4,81;"Rechnitz"
"159";10920;88;1325;6,64;"Riedlingsdorf"
"160";10921;75;1132;6,63;"Rotenturm an der Pinka"
"161";10922;40;555;7,21;"Schachendorf"
"162";10923;77;1642;4,69;"Stadtschlaining"
"163";10924;43;848;5,07;"Unterkohlstätten"
"164";10925;19;682;2,79;"Unterwart"
"165";10926;18;684;2,63;"Weiden bei Rechnitz"
"166";10927;36;966;3,73;"Wiesfleck"
"167";10928;80;1111;7,2;"Wolfau"
"168";10929;28;641;4,37;"Neustift an der Lafnitz"
"169";10930;34;595;5,71;"Jabing"
"170";10931;7;241;2,9;"Badersdorf"
"171";10932;28;209;13,4;"Schandorf"
"172";20101;6841;73704;9,28;"Klagenfurt am Wörthersee"
"173";20201;3331;44500;7,49;"Villach"
"174";20302;88;1021;8,62;"Dellach"
"175";20305;468;5470;8,56;"Hermagor-Pressegger See"
"176";20306;107;2134;5,01;"Kirchbach"
"177";20307;217;2718;7,98;"Kötschach-Mauthen"
"178";20316;98;1316;7,45;"St. Stefan im Gailtal"
"179";20320;74;979;7,56;"Gitschtal"
"180";20321;53;1094;4,84;"Lesachtal"
"181";20402;414;6341;6,53;"Ebenthal in Kärnten"
"182";20403;151;1979;7,63;"Feistritz im Rosental"
"183";20405;438;5531;7,92;"Ferlach"
"184";20409;163;2304;7,07;"Grafenstein"
"185";20412;168;1957;8,58;"Keutschach am See"
"186";20414;204;2350;8,68;"Köttmannsdorf"
"187";20415;381;2674;14,25;"Krumpendorf am Wörthersee"
"188";20416;145;1459;9,94;"Ludmannsdorf"
"189";20417;195;1965;9,92;"Maria Rain"
"190";20418;329;3131;10,51;"Maria Saal"
"191";20419;132;1266;10,43;"Maria Wörth"
"192";20421;281;3597;7,81;"Moosburg"
"193";20424;270;2169;12,45;"Pörtschach am Wörther See"
"194";20425;174;2560;6,8;"Poggersdorf"
"195";20428;50;887;5,64;"St. Margareten im Rosental"
"196";20432;122;1948;6,26;"Schiefling am Wörthersee"
"197";20435;133;1764;7,54;"Techelsberg am Wörther See"
"198";20441;63;517;12,19;"Zell"
"199";20442;236;2744;8,6;"Magdalensberg"
"200";20501;237;3789;6,25;"Althofen"
"201";20502;120;2231;5,38;"Brückl"
"202";20503;18;766;2,35;"Deutsch-Griffen"
"203";20504;71;1047;6,78;"Eberstein"
"204";20505;204;4228;4,82;"Friesach"
"205";20506;37;673;5,5;"Glödnitz"
"206";20508;46;1025;4,49;"Gurk"
"207";20509;87;1203;7,23;"Guttaring"
"208";20511;43;1221;3,52;"Hüttenberg"
"209";20512;94;1571;5,98;"Kappel am Krappfeld"
"210";20513;71;1518;4,68;"Klein St. Paul"
"211";20515;156;2631;5,93;"Liebenfels"
"212";20518;74;1681;4,4;"Metnitz"
"213";20519;62;847;7,32;"Micheldorf"
"214";20520;47;1066;4,41;"Mölbling"
"215";20523;171;2935;5,83;"St. Georgen am Längsee"
"216";20527;647;9854;6,57;"St. Veit an der Glan"
"217";20530;64;1681;3,81;"Straßburg"
"218";20531;59;1736;3,4;"Weitensfeld im Gurktal"
"219";20534;256;2894;8,85;"Frauenstein"
"220";20601;107;1325;8,08;"Bad Kleinkirchheim"
"221";20602;80;1538;5,2;"Baldramsdorf"
"222";20603;42;1046;4,02;"Berg im Drautal"
"223";20604;54;1329;4,06;"Dellach im Drautal"
"224";20605;49;1083;4,52;"Großkirchheim"
"225";20607;31;974;3,18;"Flattach"
"226";20608;149;2114;7,05;"Gmünd in Kärnten"
"227";20609;69;1381;5;"Greifenburg"
"228";20610;51;842;6,06;"Heiligenblut am Großglockner"
"229";20611;61;1629;3,74;"Irschen"
"230";20613;36;973;3,7;"Kleblach-Lind"
"231";20616;75;1433;5,23;"Lendorf"
"232";20618;68;629;10,81;"Mallnitz"
"233";20619;53;1657;3,2;"Malta"
"234";20620;179;2752;6,5;"Millstatt am See"
"235";20622;28;680;4,12;"Mörtschach"
"236";20624;31;821;3,78;"Mühldorf"
"237";20625;66;948;6,96;"Oberdrauburg"
"238";20627;96;1795;5,35;"Obervellach"
"239";20630;222;4825;4,6;"Radenthein"
"240";20631;41;1348;3,04;"Rangersdorf"
"241";20632;84;1477;5,69;"Rennweg am Katschberg"
"242";20633;63;1019;6,18;"Sachsenburg"
"243";20634;349;5180;6,74;"Seeboden am Millstätter See"
"244";20635;803;11799;6,81;"Spittal an der Drau"
"245";20636;31;1313;2,36;"Stall"
"246";20637;70;1663;4,21;"Steinfeld"
"247";20638;53;956;5,54;"Trebesing"
"248";20639;67;621;10,79;"Weißensee"
"249";20640;56;986;5,68;"Winklern"
"250";20642;42;1453;2,89;"Krems in Kärnten"
"251";20643;154;2174;7,08;"Lurnfeld"
"252";20644;124;1786;6,94;"Reißeck"
"253";20701;65;1206;5,39;"Afritz am See"
"254";20702;362;5243;6,9;"Arnoldstein"
"255";20703;50;1143;4,37;"Arriach"
"256";20705;119;1863;6,39;"Bad Bleiberg"
"257";20707;37;513;7,21;"Feistritz an der Gail"
"258";20708;56;907;6,17;"Feld am See"
"259";20710;124;1777;6,98;"Ferndorf"
"260";20711;526;6987;7,53;"Finkenstein am Faaker See"
"261";20712;59;1017;5,8;"Fresach"
"262";20713;63;649;9,71;"Hohenthurn"
"263";20719;173;1839;9,41;"Nötsch im Gailtal"
"264";20720;314;4747;6,61;"Paternion"
"265";20721;112;1482;7,56;"Rosegg"
"266";20722;264;3426;7,71;"St. Jakob im Rosental"
"267";20723;57;1307;4,36;"Stockenboi"
"268";20724;283;3543;7,99;"Treffen am Ossiacher See"
"269";20725;458;6924;6,61;"Velden am Wörther See"
"270";20726;211;2454;8,6;"Weißenstein"
"271";20727;361;4321;8,35;"Wernberg"
"272";20801;253;3030;8,35;"Bleiburg"
"273";20802;39;630;6,19;"Diex"
"274";20803;227;4707;4,82;"Eberndorf"
"275";20804;124;1816;6,83;"Eisenkappel-Vellach"
"276";20805;110;1688;6,52;"Feistritz ob Bleiburg"
"277";20806;105;1438;7,3;"Gallizien"
"278";20807;75;1303;5,76;"Globasnitz"
"279";20808;146;2783;5,25;"Griffen"
"280";20810;35;880;3,98;"Neuhaus"
"281";20812;70;1240;5,65;"Ruden"
"282";20813;211;3411;6,19;"St. Kanzian am Klopeiner See"
"283";20815;102;1646;6,2;"Sittersdorf"
"284";20817;529;8647;6,12;"Völkermarkt"
"285";20901;147;3582;4,1;"Bad St. Leonhard im Lavanttal"
"286";20905;67;2066;3,24;"Frantschach-St. Gertraud"
"287";20909;107;2429;4,41;"Lavamünd"
"288";20911;29;787;3,68;"Preitenegg"
"289";20912;75;1502;4,99;"Reichenfels"
"290";20913;259;8264;3,13;"St. Andrä"
"291";20914;66;1631;4,05;"St. Georgen im Lavanttal"
"292";20918;138;2736;5,04;"St. Paul im Lavanttal"
"293";20923;1322;20158;6,56;"Wolfsberg"
"294";21001;40;805;4,97;"Albeck"
"295";21002;629;11448;5,49;"Feldkirchen in Kärnten"
"296";21003;91;1541;5,91;"Glanegg"
"297";21004;38;819;4,64;"Gnesau"
"298";21005;82;1860;4,41;"Himmelberg"
"299";21006;50;592;8,45;"Ossiach"
"300";21007;39;1469;2,65;"Reichenau"
"301";21008;77;1180;6,53;"St. Urban"
"302";21009;231;2957;7,81;"Steindorf am Ossiacher See"
"303";21010;51;1322;3,86;"Steuerberg"
"304";30101;1520;18121;8,39;"Krems an der Donau"
"305";30201;3119;39315;7,93;"St. Pölten"
"306";30301;833;8958;9,3;"Waidhofen an der Ybbs"
"307";30401;1823;31207;5,84;"Wiener Neustadt"
"308";30501;111;1682;6,6;"Allhartsberg"
"309";30502;1470;17434;8,43;"Amstetten"
"310";30503;200;2782;7,19;"Ardagger"
"311";30504;188;2907;6,47;"Aschbach-Markt"
"312";30506;203;2672;7,6;"Behamberg"
"313";30507;97;1827;5,31;"Biberbach"
"314";30508;154;2299;6,7;"Ennsdorf"
"315";30509;155;1831;8,47;"Ernsthofen"
"316";30510;41;1008;4,07;"Ertl"
"317";30511;129;2092;6,17;"Euratsfeld"
"318";30512;93;1436;6,48;"Ferschnitz"
"319";30514;425;4463;9,52;"Haag"
"320";30515;246;2973;8,27;"Haidershofen"
"321";30516;131;1353;9,68;"Hollenstein an der Ybbs"
"322";30517;118;1925;6,13;"Kematen an der Ybbs"
"323";30520;117;2245;5,21;"Neuhofen an der Ybbs"
"324";30521;65;1710;3,8;"Neustadtl an der Donau"
"325";30522;112;1490;7,52;"Oed-Oehling"
"326";30524;33;694;4,76;"Opponitz"
"327";30526;22;441;4,99;"St. Georgen am Reith"
"328";30527;164;2239;7,32;"St. Georgen am Ybbsfelde"
"329";30529;168;2077;8,09;"St. Pantaleon-Erla"
"330";30530;250;4077;6,13;"St. Peter in der Au"
"331";30531;700;7455;9,39;"St. Valentin"
"332";30532;185;2635;7,02;"Seitenstetten"
"333";30533;234;3126;7,49;"Sonntagberg"
"334";30534;103;1631;6,32;"Strengberg"
"335";30536;48;1068;4,49;"Viehdorf"
"336";30538;133;1725;7,71;"Wallsee-Sindelburg"
"337";30539;147;1814;8,1;"Weistrach"
"338";30541;107;1338;8;"Winklarn"
"339";30542;84;1598;5,26;"Wolfsbach"
"340";30543;163;2851;5,72;"Ybbsitz"
"341";30544;79;1469;5,38;"Zeillern"
"342";30601;151;1954;7,73;"Alland"
"343";30602;101;1536;6,58;"Altenmarkt an der Triesting"
"344";30603;923;8699;10,61;"Bad Vöslau"
"345";30604;2156;18983;11,36;"Baden"
"346";30605;349;6456;5,41;"Berndorf"
"347";30607;517;8054;6,42;"Ebreichsdorf"
"348";30608;119;3264;3,65;"Enzesfeld-Lindabrunn"
"349";30609;37;678;5,46;"Furth an der Triesting"
"350";30612;75;1310;5,73;"Günselsdorf"
"351";30613;84;1119;7,51;"Heiligenkreuz"
"352";30614;89;1266;7,03;"Hernstein"
"353";30615;96;1635;5,87;"Hirtenberg"
"354";30616;46;1336;3,44;"Klausen-Leopoldsdorf"
"355";30618;391;5608;6,97;"Kottingbrunn"
"356";30620;259;3571;7,25;"Leobersdorf"
"357";30621;62;1863;3,33;"Mitterndorf an der Fischa"
"358";30623;302;3332;9,06;"Oberwaltersdorf"
"359";30625;340;2604;13,06;"Pfaffstätten"
"360";30626;344;5197;6,62;"Pottendorf"
"361";30627;135;2135;6,32;"Pottenstein"
"362";30629;88;1293;6,81;"Reisenberg"
"363";30631;117;1596;7,33;"Schönau an der Triesting"
"364";30633;51;1184;4,31;"Seibersdorf"
"365";30635;66;772;8,55;"Sooß"
"366";30636;96;1072;8,96;"Tattendorf"
"367";30637;98;1391;7,05;"Teesdorf"
"368";30639;951;13282;7,16;"Traiskirchen"
"369";30641;231;2609;8,85;"Trumau"
"370";30645;102;1313;7,77;"Weissenbach an der Triesting"
"371";30646;58;1376;4,22;"Blumau-Neurißhof"
"372";30701;28;770;3,64;"Au am Leithaberge"
"373";30702;62;1223;5,07;"Bad Deutsch-Altenburg"
"374";30703;33;496;6,65;"Berg"
"375";30704;397;5821;6,82;"Bruck an der Leitha"
"376";30706;171;2509;6,82;"Enzersdorf an der Fischa"
"377";30708;87;1113;7,82;"Göttlesbrunn-Arbesthal"
"378";30709;108;1520;7,11;"Götzendorf an der Leitha"
"379";30710;175;3717;4,71;"Hainburg a.d. Donau"
"380";30711;129;1485;8,69;"Haslau-Maria Ellend"
"381";30712;55;983;5,6;"Höflein"
"382";30713;74;1186;6,24;"Hof am Leithaberge"
"383";30715;22;461;4,77;"Hundsheim"
"384";30716;213;2968;7,18;"Mannersdorf am Leithagebirge"
"385";30718;64;957;6,69;"Petronell-Carnuntum"
"386";30719;56;1161;4,82;"Prellenkirchen"
"387";30721;61;1213;5,03;"Rohrau"
"388";30722;68;914;7,44;"Scharndorf"
"389";30724;77;1572;4,9;"Sommerein"
"390";30726;152;2304;6,6;"Trautmannsdorf an der Leitha"
"391";30728;11;562;1,96;"Wolfsthal"
"392";30729;180;2654;6,78;"Ebergassing"
"393";30730;250;4044;6,18;"Fischamend"
"394";30731;195;2285;8,53;"Gramatneusiedl"
"395";30732;382;5523;6,92;"Himberg"
"396";30733;27;642;4,21;"Klein-Neusiedl"
"397";30734;106;1390;7,63;"Lanzendorf"
"398";30735;320;3893;8,22;"Leopoldsdorf"
"399";30736;135;1607;8,4;"Maria-Lanzendorf"
"400";30737;92;1350;6,81;"Moosbrunn"
"401";30738;71;555;12,79;"Rauchenwarth"
"402";30739;88;1539;5,72;"Schwadorf"
"403";30740;767;12271;6,25;"Schwechat"
"404";30741;77;1318;5,84;"Zwölfaxing"
"405";30801;17;150;11,33;"Aderklaa"
"406";30802;5;108;4,63;"Andlersdorf"
"407";30803;137;2538;5,4;"Angern an der March"
"408";30804;119;1493;7,97;"Auersthal"
"409";30805;83;1336;6,21;"Bad Pirawarth"
"410";30808;520;6501;8;"Deutsch-Wagram"
"411";30810;30;924;3,25;"Drösing"
"412";30811;83;1816;4,57;"Dürnkrut"
"413";30812;57;694;8,21;"Ebenthal"
"414";30813;47;967;4,86;"Eckartsau"
"415";30814;89;1588;5,6;"Engelhartstetten"
"416";30817;553;8132;6,8;"Gänserndorf"
"417";30819;5;210;2,38;"Glinzendorf"
"418";30821;575;8239;6,98;"Groß-Enzersdorf"
"419";30822;1;64;1,56;"Großhofen"
"420";30824;57;989;5,76;"Groß-Schweinbarth"
"421";30825;41;915;4,48;"Haringsee"
"422";30826;50;1021;4,9;"Hauskirchen"
"423";30827;86;2174;3,96;"Hohenau an der March"
"424";30828;36;758;4,75;"Hohenruppersdorf"
"425";30829;54;894;6,04;"Jedenspeigen"
"426";30830;74;2072;3,57;"Lassee"
"427";30831;126;2060;6,12;"Leopoldsdorf im Marchfelde"
"428";30834;17;270;6,3;"Mannsdorf an der Donau"
"429";30835;83;2069;4,01;"Marchegg"
"430";30836;42;658;6,38;"Markgrafneusiedl"
"431";30838;116;2111;5,5;"Matzen-Raggendorf"
"432";30841;33;1023;3,23;"Neusiedl an der Zaya"
"433";30842;78;1294;6,03;"Obersiebenbrunn"
"434";30844;110;1607;6,85;"Orth an der Donau"
"435";30845;39;1049;3,72;"Palterndorf-Dobermannsdorf"
"436";30846;8;128;6,25;"Parbasdorf"
"437";30848;57;1092;5,22;"Prottes"
"438";30849;15;428;3,5;"Raasdorf"
"439";30850;51;1057;4,82;"Ringelsdorf-Niederabsdorf"
"440";30852;101;1515;6,67;"Schönkirchen-Reyersdorf"
"441";30854;42;789;5,32;"Spannberg"
"442";30856;448;7214;6,21;"Strasshof an der Nordbahn"
"443";30857;51;991;5,15;"Sulz im Weinviertel"
"444";30858;70;1339;5,23;"Untersiebenbrunn"
"445";30859;34;611;5,56;"Velm-Götzendorf"
"446";30860;123;1557;7,9;"Weikendorf"
"447";30863;180;4427;4,07;"Zistersdorf"
"448";30865;28;748;3,74;"Weiden an der March"
"449";30902;54;910;5,93;"Amaliendorf-Aalfang"
"450";30903;54;1327;4,07;"Brand-Nagelberg"
"451";30904;26;581;4,48;"Eggern"
"452";30906;29;556;5,22;"Eisgarn"
"453";30908;253;4209;6,01;"Gmünd"
"454";30909;93;1845;5,04;"Großdietmanns"
"455";30910;50;1120;4,46;"Bad Großpertholz"
"456";30912;48;991;4,84;"Großschönau"
"457";30913;31;586;5,29;"Moorbad Harbach"
"458";30915;17;385;4,42;"Haugschlag"
"459";30916;227;3368;6,74;"Heidenreichstein"
"460";30917;24;491;4,89;"Hirschbach"
"461";30920;94;1199;7,84;"Hoheneich"
"462";30921;60;1079;5,56;"Kirchberg am Walde"
"463";30925;87;1937;4,49;"Litschau"
"464";30929;22;536;4,1;"Reingers"
"465";30932;38;918;4,14;"St. Martin"
"466";30935;275;4471;6,15;"Schrems"
"467";30939;26;837;3,11;"Unserfrau-Altweitra"
"468";30940;42;1003;4,19;"Waldenstein"
"469";30942;127;2278;5,58;"Weitra"
"470";31001;41;617;6,65;"Alberndorf im Pulkautal"
"471";31008;147;2341;6,28;"Göllersdorf"
"472";31009;65;1241;5,24;"Grabern"
"473";31014;32;932;3,43;"Guntersdorf"
"474";31015;76;1420;5,35;"Hadres"
"475";31016;40;1110;3,6;"Hardegg"
"476";31018;67;1304;5,14;"Haugsdorf"
"477";31019;75;1036;7,24;"Heldenberg"
"478";31021;53;1082;4,9;"Hohenwarth-Mühlbach a.M."
"479";31022;791;9123;8,67;"Hollabrunn"
"480";31025;26;464;5,6;"Mailberg"
"481";31026;114;1633;6,98;"Maissau"
"482";31028;39;1029;3,79;"Nappersdorf-Kammersdorf"
"483";31033;33;844;3,91;"Pernersdorf"
"484";31035;121;1285;9,42;"Pulkau"
"485";31036;85;1322;6,43;"Ravelsbach"
"486";31037;266;3521;7,55;"Retz"
"487";31038;49;826;5,93;"Retzbach"
"488";31041;46;727;6,33;"Schrattenthal"
"489";31042;29;785;3,69;"Seefeld-Kadolz"
"490";31043;124;1801;6,89;"Sitzendorf an der Schmida"
"491";31051;81;1975;4,1;"Wullersdorf"
"492";31052;138;2057;6,71;"Zellerndorf"
"493";31053;161;2802;5,75;"Ziersdorf"
"494";31101;47;665;7,07;"Altenburg"
"495";31102;36;678;5,31;"Brunn an der Wild"
"496";31103;44;1133;3,88;"Burgschleinitz-Kühnring"
"497";31104;42;994;4,23;"Drosendorf-Zissersdorf"
"498";31105;234;2852;8,2;"Eggenburg"
"499";31106;202;2945;6,86;"Gars am Kamp"
"500";31107;29;1103;2,63;"Geras"
"501";31109;461;5205;8,86;"Horn"
"502";31110;47;1168;4,02;"Irnfritz-Messern"
"503";31111;26;601;4,33;"Japons"
"504";31113;16;587;2,73;"Langau"
"505";31114;40;755;5,3;"Meiseldorf"
"506";31117;22;607;3,62;"Pernegg"
"507";31119;14;435;3,22;"Röhrenbach"
"508";31120;58;887;6,54;"Röschitz"
"509";31121;23;660;3,48;"Rosenburg-Mold"
"510";31123;77;1048;7,35;"St. Bernhard-Frauenhofen"
"511";31124;90;1399;6,43;"Sigmundsherberg"
"512";31129;60;1324;4,53;"Weitersfeld"
"513";31130;35;632;5,54;"Straning-Grafenberg"
"514";31201;469;3614;12,98;"Bisamberg"
"515";31202;121;1390;8,71;"Enzersfeld im Weinviertel"
"516";31203;112;2606;4,3;"Ernstbrunn"
"517";31204;67;1309;5,12;"Großmugl"
"518";31205;152;1752;8,68;"Großrußbach"
"519";31206;138;1631;8,46;"Hagenbrunn"
"520";31207;234;3179;7,36;"Harmannsdorf"
"521";31208;199;2935;6,78;"Hausleiten"
"522";31213;950;9480;10,02;"Korneuburg"
"523";31214;814;6393;12,73;"Langenzersdorf"
"524";31215;65;983;6,61;"Leitzersdorf"
"525";31216;483;3836;12,59;"Leobendorf"
"526";31224;64;1137;5,63;"Rußbach"
"527";31226;185;3130;5,91;"Sierndorf"
"528";31227;159;1717;9,26;"Spillern"
"529";31228;46;829;5,55;"Stetteldorf am Wagram"
"530";31229;78;1053;7,41;"Stetten"
"531";31230;1035;12626;8,2;"Stockerau"
"532";31234;72;1225;5,88;"Niederhollabrunn"
"533";31235;680;8482;8,02;"Gerasdorf bei Wien"
"534";31301;44;538;8,18;"Aggsbach"
"535";31302;45;873;5,15;"Albrechtsberg an der Großen Krems"
"536";31303;69;1046;6,6;"Bergern im Dunkelsteinerwald"
"537";31304;65;712;9,13;"Dürnstein"
"538";31308;178;2443;7,29;"Grafenegg"
"539";31309;242;2310;10,48;"Furth bei Göttweig"
"540";31310;126;1745;7,22;"Gedersdorf"
"541";31311;204;3156;6,46;"Gföhl"
"542";31315;134;1623;8,26;"Hadersdorf-Kammern"
"543";31319;42;948;4,43;"Jaidhof"
"544";31321;34;647;5,26;"Krumau am Kamp"
"545";31322;530;6078;8,72;"Langenlois"
"546";31323;67;1149;5,83;"Lengenfeld"
"547";31324;74;1712;4,32;"Lichtenau im Waldviertel"
"548";31326;36;753;4,78;"Maria Laach am Jauerling"
"549";31327;285;2866;9,94;"Mautern an der Donau"
"550";31330;58;1122;5,17;"Mühldorf"
"551";31333;170;2115;8,04;"Paudorf"
"552";31336;73;1235;5,91;"Rastenfeld"
"553";31337;141;1621;8,7;"Rohrendorf bei Krems"
"554";31338;97;908;10,68;"Rossatz-Arnsdorf"
"555";31340;71;937;7,58;"St. Leonhard am Hornerwald"
"556";31343;143;1609;8,89;"Senftenberg"
"557";31344;100;1341;7,46;"Spitz"
"558";31346;93;1306;7,12;"Straß im Straßertale"
"559";31347;71;692;10,26;"Stratzing"
"560";31350;42;1059;3,97;"Weinzierl am Walde"
"561";31351;100;1205;8,3;"Weißenkirchen in der Wachau"
"562";31355;129;1547;8,34;"Schönberg am Kamp"
"563";31356;99;785;12,61;"Droß"
"564";31401;28;432;6,48;"Annaberg"
"565";31402;51;1012;5,04;"Eschenau"
"566";31403;236;2917;8,09;"Hainfeld"
"567";31404;113;1209;9,35;"Hohenberg"
"568";31405;37;806;4,59;"Kaumberg"
"569";31406;14;669;2,09;"Kleinzell"
"570";31407;199;2047;9,72;"Lilienfeld"
"571";31408;42;409;10,27;"Mitterbach am Erlaufsee"
"572";31409;38;648;5,86;"Ramsau"
"573";31410;99;1268;7,81;"Rohrbach an der Gölsen"
"574";31411;118;1574;7,5;"St. Aegyd am Neuwalde"
"575";31412;243;3088;7,87;"St. Veit an der Gölsen"
"576";31413;153;2490;6,14;"Traisen"
"577";31414;96;1605;5,98;"Türnitz"
"578";31502;34;963;3,53;"Artstetten-Pöbring"
"579";31503;69;1525;4,52;"Bergland"
"580";31504;61;952;6,41;"Bischofstetten"
"581";31505;98;1956;5,01;"Blindenmarkt"
"582";31506;10;470;2,13;"Dorfstetten"
"583";31507;106;1959;5,41;"Dunkelsteinerwald"
"584";31508;32;845;3,79;"Erlauf"
"585";31509;57;1175;4,85;"Golling an der Erlauf"
"586";31511;127;1370;9,27;"Hofamt Priel"
"587";31513;86;1493;5,76;"Hürm"
"588";31514;125;2064;6,06;"Kilb"
"589";31515;49;840;5,83;"Kirnberg an der Mank"
"590";31516;57;823;6,93;"Klein-Pöchlarn"
"591";31517;100;1194;8,38;"Krummnußbaum"
"592";31519;56;1108;5,05;"Leiben"
"593";31520;206;3028;6,8;"Loosdorf"
"594";31521;195;2550;7,65;"Mank"
"595";31522;100;1336;7,49;"Marbach an der Donau"
"596";31523;31;696;4,45;"Maria Taferl"
"597";31524;388;4100;9,46;"Melk"
"598";31525;48;1362;3,52;"Münichreith-Laimbach"
"599";31527;103;1513;6,81;"Neumarkt an der Ybbs"
"600";31528;52;836;6,22;"Nöchling"
"601";31530;138;1802;7,66;"Persenbeug-Gottsdorf"
"602";31531;57;1014;5,62;"Petzenkirchen"
"603";31533;293;3017;9,71;"Pöchlarn"
"604";31534;67;1994;3,36;"Pöggstall"
"605";31535;21;871;2,41;"Raxendorf"
"606";31537;94;1855;5,07;"Ruprechtshofen"
"607";31539;127;2490;5,1;"St. Leonhard am Forst"
"608";31540;88;1390;6,33;"St. Martin-Karlsbach"
"609";31541;34;889;3,82;"St. Oswald"
"610";31542;77;840;9,17;"Schönbühel-Aggsbach"
"611";31543;67;787;8,51;"Schollach"
"612";31546;20;890;2,25;"Weiten"
"613";31549;324;4213;7,69;"Ybbs an der Donau"
"614";31550;48;990;4,85;"Zelking-Matzleinsdorf"
"615";31551;81;1283;6,31;"Texingtal"
"616";31552;78;1642;4,75;"Yspertal"
"617";31553;125;1417;8,82;"Emmersdorf an der Donau"
"618";31601;40;630;6,35;"Altlichtenwarth"
"619";31603;84;1479;5,68;"Asparn an der Zaya"
"620";31604;51;1342;3,8;"Bernhardsthal"
"621";31605;29;1052;2,76;"Bockfließ"
"622";31606;31;882;3,51;"Drasenhofen"
"623";31608;41;391;10,49;"Falkenstein"
"624";31609;32;693;4,62;"Fallbach"
"625";31611;37;746;4,96;"Gaubitsch"
"626";31612;173;3078;5,62;"Gaweinstal"
"627";31613;41;962;4,26;"Gnadendorf"
"628";31614;124;1781;6,96;"Großebersdorf"
"629";31615;112;1121;9,99;"Großengersdorf"
"630";31616;41;955;4,29;"Großharras"
"631";31617;102;1329;7,67;"Großkrut"
"632";31620;38;696;5,46;"Hausbrunn"
"633";31621;54;777;6,95;"Herrnbaumgarten"
"634";31622;80;945;8,47;"Hochleithen"
"635";31627;107;1186;9,02;"Kreuttal"
"636";31628;113;1253;9,02;"Kreuzstetten"
"637";31629;326;5132;6,35;"Laa an der Thaya"
"638";31630;130;1888;6,89;"Ladendorf"
"639";31633;784;9231;8,49;"Mistelbach"
"640";31634;43;1154;3,73;"Neudorf bei Staatz"
"641";31636;61;726;8,4;"Niederleis"
"642";31642;60;925;6,49;"Pillichsdorf"
"643";31644;198;4361;4,54;"Poysdorf"
"644";31645;44;895;4,92;"Rabensburg"
"645";31646;19;664;2,86;"Schrattenberg"
"646";31649;83;1637;5,07;"Staatz"
"647";31650;40;1346;2,97;"Stronsdorf"
"648";31651;171;2089;8,19;"Ulrichskirchen-Schleinbach"
"649";31652;29;473;6,13;"Unterstinkenbrunn"
"650";31653;47;1259;3,73;"Wildendürnbach"
"651";31654;89;1737;5,12;"Wilfersdorf"
"652";31655;710;5496;12,92;"Wolkersdorf im Weinviertel"
"653";31658;15;472;3,18;"Ottenthal"
"654";31701;110;1073;10,25;"Achau"
"655";31702;305;2358;12,93;"Biedermannsdorf"
"656";31703;488;4677;10,43;"Breitenfurt bei Wien"
"657";31704;1097;8625;12,72;"Brunn am Gebirge"
"658";31706;156;1266;12,32;"Gaaden"
"659";31707;242;1705;14,19;"Gießhübl"
"660";31709;332;2913;11,4;"Gumpoldskirchen"
"661";31710;770;6794;11,33;"Guntramsdorf"
"662";31711;126;1247;10,1;"Hennersdorf"
"663";31712;358;2963;12,08;"Hinterbrühl"
"664";31713;260;2529;10,28;"Kaltenleutgeben"
"665";31714;149;897;16,61;"Laab im Walde"
"666";31715;246;2145;11,47;"Laxenburg"
"667";31716;974;6549;14,87;"Maria Enzersdorf"
"668";31717;1682;14905;11,28;"Mödling"
"669";31718;256;2276;11,25;"Münchendorf"
"670";31719;1682;11686;14,39;"Perchtoldsdorf"
"671";31723;356;5253;6,78;"Vösendorf"
"672";31725;770;7166;10,75;"Wiener Neudorf"
"673";31726;196;2237;8,76;"Wienerwald"
"674";31801;16;278;5,76;"Altendorf"
"675";31802;116;1564;7,42;"Aspang-Markt"
"676";31803;87;1553;5,6;"Aspangberg-St. Peter"
"677";31804;95;1264;7,52;"Breitenau"
"678";31805;17;262;6,49;"Breitenstein"
"679";31806;36;281;12,81;"Buchbach"
"680";31807;49;767;6,39;"Edlitz"
"681";31808;125;1572;7,95;"Enzenreith"
"682";31809;62;871;7,12;"Feistritz am Wechsel"
"683";31810;321;4572;7,02;"Gloggnitz"
"684";31811;119;1777;6,7;"Grafenbach-St. Valentin"
"685";31812;63;1087;5,8;"Grimmenstein"
"686";31813;45;1247;3,61;"Grünbach am Schneeberg"
"687";31814;130;2011;6,46;"Kirchberg am Wechsel"
"688";31815;34;510;6,67;"Mönichkirchen"
"689";31817;112;1379;8,12;"Natschbach-Loipersbach"
"690";31818;513;8992;5,71;"Neunkirchen"
"691";31820;45;472;9,53;"Otterthal"
"692";31821;136;1684;8,08;"Payerbach"
"693";31823;192;2189;8,77;"Pitten"
"694";31825;36;364;9,89;"Prigglitz"
"695";31826;121;2226;5,44;"Puchberg am Schneeberg"
"696";31827;22;221;9,95;"Raach am Hochgebirge"
"697";31829;135;2080;6,49;"Reichenau an der Rax"
"698";31830;15;295;5,08;"St. Corona am Wechsel"
"699";31831;80;1522;5,26;"St. Egyden am Steinfeld"
"700";31832;108;1560;6,92;"Scheiblingkirchen-Thernberg"
"701";31833;25;523;4,78;"Schottwien"
"702";31834;15;297;5,05;"Schrattenbach"
"703";31835;82;1493;5,49;"Schwarzau am Steinfeld"
"704";31836;15;511;2,94;"Schwarzau im Gebirge"
"705";31837;106;1131;9,37;"Seebenstein"
"706";31838;28;433;6,47;"Semmering"
"707";31839;591;11342;5,21;"Ternitz"
"708";31840;31;1028;3,02;"Thomasberg"
"709";31841;18;443;4,06;"Trattenbach"
"710";31842;9;136;6,62;"Bürg-Vöstenhof"
"711";31843;67;1258;5,33;"Warth"
"712";31844;87;1336;6,51;"Wartmannstetten"
"713";31845;63;788;7,99;"Willendorf"
"714";31846;13;1187;1,1;"Wimpassing im Schwarzatale"
"715";31847;119;1307;9,1;"Würflach"
"716";31848;47;1186;3,96;"Zöbern"
"717";31849;44;756;5,82;"Höflein an der Hohen Wand"
"718";31901;144;2271;6,34;"Altlengbach"
"719";31902;109;1709;6,38;"Asperhofen"
"720";31903;312;3971;7,86;"Böheimkirchen"
"721";31904;80;984;8,13;"Brand-Laaben"
"722";31905;443;3461;12,8;"Eichgraben"
"723";31906;90;1591;5,66;"Frankenfels"
"724";31907;52;771;6,74;"Gerersdorf"
"725";31909;149;2151;6,93;"Hofstetten-Grünau"
"726";31910;81;1367;5,93;"Hafnerbach"
"727";31911;59;918;6,43;"Haunoldstein"
"728";31912;465;6006;7,74;"Herzogenburg"
"729";31913;83;1234;6,73;"Inzersdorf-Getzersdorf"
"730";31915;82;1092;7,51;"Kapelln"
"731";31916;150;1750;8,57;"Karlstetten"
"732";31917;99;1107;8,94;"Kasten bei Böheimkirchen"
"733";31918;235;2629;8,94;"Kirchberg an der Pielach"
"734";31919;134;1742;7,69;"Kirchstetten"
"735";31920;20;499;4,01;"Loich"
"736";31921;304;2375;12,8;"Maria-Anzbach"
"737";31922;97;1627;5,96;"Markersdorf-Haindorf"
"738";31923;41;735;5,58;"Michelbach"
"739";31925;131;1205;10,87;"Neidling"
"740";31926;580;6361;9,12;"Neulengbach"
"741";31927;112;1251;8,95;"Neustift-Innermanzing"
"742";31928;125;1433;8,72;"Nußdorf ob der Traisen"
"743";31929;257;3581;7,18;"Ober-Grafendorf"
"744";31930;105;1893;5,55;"Obritzberg-Rust"
"745";31932;148;1254;11,8;"Prinzersdorf"
"746";31934;181;2834;6,39;"Pyhra"
"747";31935;126;2064;6,1;"Rabenstein an der Pielach"
"748";31938;79;856;9,23;"St. Margarethen an der Sierning"
"749";31939;3;323;0,93;"Schwarzenbach an der Pielach"
"750";31940;81;1060;7,64;"Statzendorf"
"751";31941;31;635;4,88;"Stössing"
"752";31943;325;4671;6,96;"Traismauer"
"753";31945;75;1103;6,8;"Weinburg"
"754";31946;73;1113;6,56;"Perschling"
"755";31947;373;5041;7,4;"Wilhelmsburg"
"756";31948;138;2009;6,87;"Wölbling"
"757";31949;458;3723;12,3;"Gablitz"
"758";31950;346;2851;12,14;"Mauerbach"
"759";31951;541;5543;9,76;"Pressbaum"
"760";31952;850;6996;12,15;"Purkersdorf"
"761";31953;248;2053;12,08;"Tullnerbach"
"762";31954;132;1297;10,18;"Wolfsgraben"
"763";32001;156;2524;6,18;"Gaming"
"764";32002;95;1692;5,61;"Göstling an der Ybbs"
"765";32003;95;1585;5,99;"Gresten"
"766";32004;45;1217;3,7;"Gresten-Land"
"767";32005;73;1489;4,9;"Lunz am See"
"768";32006;95;2383;3,99;"Oberndorf an der Melk"
"769";32007;10;237;4,22;"Puchenstuben"
"770";32008;224;4273;5,24;"Purgstall an der Erlauf"
"771";32009;82;1523;5,38;"Randegg"
"772";32010;38;813;4,67;"Reinsberg"
"773";32011;34;977;3,48;"St. Anton an der Jeßnitz"
"774";32012;51;1091;4,67;"St. Georgen an der Leys"
"775";32013;358;3444;10,39;"Scheibbs"
"776";32014;88;1848;4,76;"Steinakirchen am Forst"
"777";32015;39;1068;3,65;"Wang"
"778";32016;216;2960;7,3;"Wieselburg"
"779";32017;154;2637;5,84;"Wieselburg-Land"
"780";32018;80;1245;6,43;"Wolfpassing"
"781";32101;105;1586;6,62;"Absdorf"
"782";32104;176;2309;7,62;"Atzenbrugg"
"783";32106;118;1846;6,39;"Fels am Wagram"
"784";32107;170;2555;6,65;"Grafenwörth"
"785";32109;38;763;4,98;"Großriedenthal"
"786";32110;201;2592;7,75;"Großweikersdorf"
"787";32112;150;1684;8,91;"Judenau-Baumgarten"
"788";32114;234;2931;7,98;"Kirchberg am Wagram"
"789";32115;55;1031;5,33;"Königsbrunn am Wagram"
"790";32116;191;1853;10,31;"Königstetten"
"791";32119;106;1783;5,95;"Langenrohr"
"792";32120;162;2370;6,84;"Michelhausen"
"793";32131;344;5733;6;"Sieghartskirchen"
"794";32132;170;1704;9,98;"Sitzenberg-Reidling"
"795";32134;234;2389;9,79;"Tulbing"
"796";32135;1096;11843;9,25;"Tulln an der Donau"
"797";32139;91;1120;8,12;"Würmla"
"798";32140;227;1785;12,72;"Zeiselmauer-Wolfpassing"
"799";32141;199;2925;6,8;"Zwentendorf an der Donau"
"800";32142;648;6030;10,75;"St. Andrä-Wördern"
"801";32143;142;1253;11,33;"Muckendorf-Wipfing"
"802";32144;2220;20004;11,1;"Klosterneuburg"
"803";32202;73;934;7,82;"Dietmanns"
"804";32203;83;1349;6,15;"Dobersberg"
"805";32206;69;1059;6,52;"Gastern"
"806";32207;133;2338;5,69;"Groß-Siegharts"
"807";32209;60;1213;4,95;"Karlstein an der Thaya"
"808";32210;62;949;6,53;"Kautzen"
"809";32212;26;773;3,36;"Ludweis-Aigen"
"810";32214;43;770;5,58;"Pfaffenschlag bei Waidhofen a.d.Thaya"
"811";32216;77;2301;3,35;"Raabs an der Thaya"
"812";32217;56;1168;4,79;"Thaya"
"813";32219;147;2214;6,64;"Vitis"
"814";32220;410;4637;8,84;"Waidhofen an der Thaya"
"815";32221;70;1042;6,72;"Waidhofen an der Thaya-Land"
"816";32222;31;476;6,51;"Waldkirchen an der Thaya"
"817";32223;77;819;9,4;"Windigsteig"
"818";32301;244;2650;9,21;"Bad Fischau-Brunn"
"819";32302;29;592;4,9;"Bad Schönau"
"820";32304;116;2153;5,39;"Ebenfurth"
"821";32305;166;3625;4,58;"Eggendorf"
"822";32306;132;2469;5,35;"Bad Erlach"
"823";32307;167;3166;5,27;"Felixdorf"
"824";32308;58;1021;5,68;"Gutenstein"
"825";32309;69;1394;4,95;"Hochneukirchen-Gschaidt"
"826";32310;32;829;3,86;"Hochwolkersdorf"
"827";32311;78;1137;6,86;"Hohe Wand"
"828";32312;26;829;3,14;"Hollenthon"
"829";32313;284;2612;10,87;"Katzelsdorf"
"830";32314;87;2342;3,71;"Kirchschlag in der Buckligen Welt"
"831";32315;106;1893;5,6;"Krumbach"
"832";32316;187;3070;6,09;"Lanzenkirchen"
"833";32317;47;855;5,5;"Lichtenegg"
"834";32318;113;2130;5,31;"Lichtenwörth"
"835";32319;188;2195;8,56;"Markt Piesting"
"836";32320;128;1640;7,8;"Matzendorf-Hölles"
"837";32321;7;564;1,24;"Miesenbach"
"838";32322;23;427;5,39;"Muggendorf"
"839";32323;108;1917;5,63;"Pernitz"
"840";32324;32;367;8,72;"Rohr im Gebirge"
"841";32325;56;981;5,71;"Bromberg"
"842";32326;15;791;1,9;"Schwarzenbach"
"843";32327;227;3825;5,93;"Sollenau"
"844";32330;133;2362;5,63;"Theresienfeld"
"845";32331;84;1269;6,62;"Waidmannsfeld"
"846";32332;92;1498;6,14;"Waldegg"
"847";32333;45;901;4,99;"Walpersbach"
"848";32334;38;867;4,38;"Weikersdorf am Steinfelde"
"849";32335;55;1256;4,38;"Wiesmath"
"850";32336;99;1514;6,54;"Winzendorf-Muthmannsdorf"
"851";32337;222;3363;6,6;"Wöllersdorf-Steinabrückl"
"852";32338;108;1610;6,71;"Zillingdorf"
"853";32501;70;1588;4,41;"Allentsteig"
"854";32502;73;1368;5,34;"Arbesbach"
"855";32503;12;299;4,01;"Bärnkopf"
"856";32504;60;1030;5,83;"Echsenbach"
"857";32505;70;1531;4,57;"Göpfritz an der Wild"
"858";32506;25;704;3,55;"Grafenschlag"
"859";32508;174;3726;4,67;"Groß Gerungs"
"860";32509;31;1152;2,69;"Großgöttfritz"
"861";32511;44;440;10;"Gutenbrunn"
"862";32514;18;535;3,36;"Kirchschlag"
"863";32515;51;1236;4,13;"Kottes-Purk"
"864";32516;59;1464;4,03;"Langschlag"
"865";32517;26;902;2,88;"Martinsberg"
"866";32518;41;849;4,83;"Ottenschlag"
"867";32519;24;721;3,33;"Altmelon"
"868";32520;20;785;2,55;"Pölla"
"869";32521;78;1434;5,44;"Rappottenstein"
"870";32522;39;1057;3,69;"Sallingberg"
"871";32523;26;676;3,85;"Schönbach"
"872";32524;72;1247;5,77;"Schwarzenau"
"873";32525;67;1651;4,06;"Schweiggers"
"874";32528;45;839;5,36;"Bad Traunstein"
"875";32529;59;1029;5,73;"Waldhausen"
"876";32530;655;9296;7,05;"Zwettl-Niederösterreich"
"877";40101;11994;139590;8,59;"Linz"
"878";40201;1962;27228;7,21;"Steyr"
"879";40301;2713;39285;6,91;"Wels"
"880";40401;241;3746;6,43;"Altheim"
"881";40402;59;1992;2,96;"Aspach"
"882";40403;18;444;4,05;"Auerbach"
"883";40404;877;11738;7,47;"Braunau am Inn"
"884";40405;136;2070;6,57;"Burgkirchen"
"885";40406;90;1808;4,98;"Eggelsberg"
"886";40407;64;1585;4,04;"Feldkirchen bei Mattighofen"
"887";40408;38;756;5,03;"Franking"
"888";40409;48;881;5,45;"Geretsberg"
"889";40410;57;1021;5,58;"Gilgenberg am Weilhart"
"890";40411;21;476;4,41;"Haigermoos"
"891";40412;52;1023;5,08;"Handenberg"
"892";40413;137;2353;5,82;"Helpfau-Uttendorf"
"893";40414;140;2201;6,36;"Hochburg-Ach"
"894";40415;60;1105;5,43;"Höhnhart"
"895";40416;23;505;4,55;"Jeging"
"896";40417;41;930;4,41;"Kirchberg bei Mattighofen"
"897";40418;168;3588;4,68;"Lengau"
"898";40419;103;2183;4,72;"Lochen am See"
"899";40420;78;1180;6,61;"Maria Schmolln"
"900";40421;165;3736;4,42;"Mattighofen"
"901";40422;124;1664;7,45;"Mauerkirchen"
"902";40423;110;961;11,45;"Mining"
"903";40424;42;760;5,53;"Moosbach"
"904";40425;77;1274;6,04;"Moosdorf"
"905";40426;149;2285;6,52;"Munderfing"
"906";40427;98;1738;5,64;"Neukirchen an der Enknach"
"907";40428;150;2429;6,18;"Ostermiething"
"908";40429;28;773;3,62;"Palting"
"909";40430;54;757;7,13;"Perwang am Grabensee"
"910";40431;42;773;5,43;"Pfaffstätt"
"911";40432;55;1270;4,33;"Pischelsdorf am Engelbach"
"912";40433;36;773;4,66;"Polling im Innkreis"
"913";40434;17;768;2,21;"Roßbach"
"914";40435;5;332;1,51;"St. Georgen am Fillmannsbach"
"915";40436;63;1651;3,82;"St. Johann am Walde"
"916";40437;143;2287;6,25;"St. Pantaleon"
"917";40438;125;1842;6,79;"St. Peter am Hart"
"918";40439;38;464;8,19;"St. Radegund"
"919";40440;17;320;5,31;"St. Veit im Innkreis"
"920";40441;155;2854;5,43;"Schalchen"
"921";40442;59;754;7,82;"Schwand im Innkreis"
"922";40443;73;1625;4,49;"Tarsdorf"
"923";40444;20;577;3,47;"Treubach"
"924";40445;31;446;6,95;"Überackern"
"925";40446;103;1147;8,98;"Weng im Innkreis"
"926";40501;420;4651;9,03;"Alkoven"
"927";40502;116;1603;7,24;"Aschach an der Donau"
"928";40503;193;2914;6,62;"Eferding"
"929";40504;108;1854;5,83;"Fraham"
"930";40505;92;1084;8,49;"Haibach ob der Donau"
"931";40506;257;3357;7,66;"Hartkirchen"
"932";40507;134;1579;8,49;"Hinzenbach"
"933";40508;150;2281;6,58;"Prambachkirchen"
"934";40509;135;1480;9,12;"Pupping"
"935";40510;137;1894;7,23;"St. Marienkirchen an der Polsenz"
"936";40511;161;1769;9,1;"Scharten"
"937";40512;78;1302;5,99;"Stroheim"
"938";40601;580;6121;9,48;"Freistadt"
"939";40602;100;1549;6,46;"Grünbach"
"940";40603;193;2224;8,68;"Gutau"
"941";40604;219;2237;9,79;"Hagenberg im Mühlkreis"
"942";40605;89;963;9,24;"Hirschbach im Mühlkreis"
"943";40606;20;504;3,97;"Kaltenberg"
"944";40607;146;1682;8,68;"Kefermarkt"
"945";40608;112;2518;4,45;"Königswiesen"
"946";40609;185;2273;8,14;"Lasberg"
"947";40610;64;823;7,78;"Leopoldschlag"
"948";40611;46;1353;3,4;"Liebenau"
"949";40612;254;2582;9,84;"Neumarkt im Mühlkreis"
"950";40613;45;799;5,63;"Pierbach"
"951";40614;398;4266;9,33;"Pregarten"
"952";40615;171;2333;7,33;"Rainbach im Mühlkreis"
"953";40616;124;1153;10,75;"Sandl"
"954";40617;66;1154;5,72;"St. Leonhard bei Freistadt"
"955";40618;100;2290;4,37;"St. Oswald bei Freistadt"
"956";40619;112;1557;7,19;"Schönau im Mühlkreis"
"957";40620;241;2468;9,76;"Tragwein"
"958";40621;78;1800;4,33;"Unterweißenbach"
"959";40622;161;1670;9,64;"Unterweitersdorf"
"960";40623;88;1105;7,96;"Waldburg"
"961";40624;381;3440;11,08;"Wartberg ob der Aist"
"962";40625;76;824;9,22;"Weitersfelden"
"963";40626;88;1263;6,97;"Windhaag bei Freistadt"
"964";40627;207;2357;8,78;"Bad Zell"
"965";40701;635;7794;8,15;"Altmünster"
"966";40702;427;6057;7,05;"Bad Goisern am Hallstättersee"
"967";40703;885;10765;8,22;"Bad Ischl"
"968";40704;394;6299;6,25;"Ebensee"
"969";40705;1015;9820;10,34;"Gmunden"
"970";40706;49;1432;3,42;"Gosau"
"971";40707;146;1626;8,98;"Grünau im Almtal"
"972";40708;175;2191;7,99;"Gschwandt"
"973";40709;73;598;12,21;"Hallstatt"
"974";40710;110;1707;6,44;"Kirchham"
"975";40711;539;7079;7,61;"Laakirchen"
"976";40712;70;559;12,52;"Obertraun"
"977";40713;402;4067;9,88;"Ohlsdorf"
"978";40714;250;2921;8,56;"Pinsdorf"
"979";40715;137;1595;8,59;"Roitham"
"980";40716;53;891;5,95;"St. Konrad"
"981";40717;83;2099;3,95;"St. Wolfgang im Salzkammergut"
"982";40718;126;1318;9,56;"Traunkirchen"
"983";40719;338;3758;8,99;"Scharnstein"
"984";40720;430;5712;7,53;"Vorchdorf"
"985";40801;76;699;10,87;"Aistersheim"
"986";40802;307;3103;9,89;"Bad Schallerbach"
"987";40804;33;890;3,71;"Eschenau im Hausruckkreis"
"988";40805;166;1842;9,01;"Gallspach"
"989";40806;222;2837;7,83;"Gaspoltshofen"
"990";40807;126;1148;10,98;"Geboltskirchen"
"991";40808;326;3508;9,29;"Grieskirchen"
"992";40809;152;1645;9,24;"Haag am Hausruck"
"993";40810;50;560;8,93;"Heiligenberg"
"994";40811;108;1225;8,82;"Hofkirchen an der Trattnach"
"995";40812;171;2058;8,31;"Kallham"
"996";40813;64;1053;6,08;"Kematen am Innbach"
"997";40814;84;1159;7,25;"Meggenhofen"
"998";40815;71;1024;6,93;"Michaelnbach"
"999";40816;160;1883;8,5;"Natternbach"
"1000";40817;99;1328;7,45;"Neukirchen am Walde"
"1001";40818;79;1111;7,11;"Neumarkt im Hausruckkreis"
"1002";40820;25;446;5,61;"Pötting"
"1003";40821;83;787;10,55;"Pollham"
"1004";40822;145;1413;10,26;"Pram"
"1005";40823;50;845;5,92;"Rottenbach"
"1006";40824;81;1724;4,7;"St. Agatha"
"1007";40825;93;1076;8,64;"St. Georgen bei Grieskirchen"
"1008";40826;35;429;8,16;"St. Thomas"
"1009";40827;196;2388;8,21;"Schlüßlberg"
"1010";40828;43;907;4,74;"Steegen"
"1011";40829;82;1635;5,02;"Taufkirchen an der Trattnach"
"1012";40830;105;750;14;"Tollet"
"1013";40831;247;2916;8,47;"Waizenkirchen"
"1014";40832;242;2404;10,07;"Wallern an der Trattnach"
"1015";40833;106;1290;8,22;"Weibern"
"1016";40834;33;673;4,9;"Wendling"
"1017";40835;237;3583;6,61;"Peuerbach/Grieskirchen"
"1018";40901;37;509;7,27;"Edlbach"
"1019";40902;154;2909;5,29;"Grünburg"
"1020";40903;48;723;6,64;"Hinterstoder"
"1021";40904;82;1494;5,49;"Inzersdorf im Kremstal"
"1022";40905;317;3245;9,77;"Kirchdorf an der Krems"
"1023";40906;39;835;4,67;"Klaus an der Pyhrnbahn"
"1024";40907;321;4652;6,9;"Kremsmünster"
"1025";40908;421;4508;9,34;"Micheldorf in Oberösterreich"
"1026";40909;208;2783;7,47;"Molln"
"1027";40910;134;1813;7,39;"Nußbach"
"1028";40911;36;364;9,89;"Oberschlierbach"
"1029";40912;242;3985;6,07;"Pettenbach"
"1030";40913;159;2152;7,39;"Ried im Traunkreis"
"1031";40914;34;498;6,83;"Rosenau am Hengstpaß"
"1032";40915;77;1456;5,29;"Roßleithen"
"1033";40916;14;274;5,11;"St. Pankraz"
"1034";40917;192;2177;8,82;"Schlierbach"
"1035";40918;62;1739;3,57;"Spital am Pyhrn"
"1036";40919;25;678;3,69;"Steinbach am Ziehberg"
"1037";40920;89;1632;5,45;"Steinbach an der Steyr"
"1038";40921;42;664;6,33;"Vorderstoder"
"1039";40922;163;2274;7,17;"Wartberg an der Krems"
"1040";40923;135;1882;7,17;"Windischgarsten"
"1041";41001;80;936;8,55;"Allhaming"
"1042";41002;587;10595;5,54;"Ansfelden"
"1043";41003;253;4654;5,44;"Asten"
"1044";41004;71;716;9,92;"Eggendorf im Traunkreis"
"1045";41005;660;7984;8,27;"Enns"
"1046";41006;97;1063;9,13;"Hargelsberg"
"1047";41007;321;4534;7,08;"Hörsching"
"1048";41008;133;1403;9,48;"Hofkirchen im Traunkreis"
"1049";41009;162;2050;7,9;"Kematen an der Krems"
"1050";41010;222;1927;11,52;"Kirchberg-Thening"
"1051";41011;248;2603;9,53;"Kronstorf"
"1052";41012;2425;20903;11,6;"Leonding"
"1053";41013;584;5018;11,64;"St. Florian"
"1054";41014;534;4770;11,19;"Neuhofen an der Krems"
"1055";41015;215;1667;12,9;"Niederneukirchen"
"1056";41016;149;1625;9,17;"Oftering"
"1057";41017;485;5438;8,92;"Pasching"
"1058";41018;105;1476;7,11;"Piberbach"
"1059";41019;244;3122;7,82;"Pucking"
"1060";41020;370;3773;9,81;"St. Marien"
"1061";41021;1067;15972;6,68;"Traun"
"1062";41022;623;4624;13,47;"Wilhering"
"1063";41101;75;1004;7,47;"Allerheiligen im Mühlkreis"
"1064";41102;124;1139;10,89;"Arbing"
"1065";41103;78;1345;5,8;"Baumgartenberg"
"1066";41104;24;817;2,94;"Dimbach"
"1067";41105;145;2334;6,21;"Grein"
"1068";41106;262;2458;10,66;"Katsdorf"
"1069";41107;44;740;5,95;"Klam"
"1070";41108;82;1775;4,62;"Bad Kreuzen"
"1071";41109;213;1971;10,81;"Langenstein"
"1072";41110;318;3205;9,92;"Luftenberg an der Donau"
"1073";41111;315;3625;8,69;"Mauthausen"
"1074";41112;81;1346;6,02;"Mitterkirchen im Machland"
"1075";41113;54;1311;4,12;"Münzbach"
"1076";41114;130;2786;4,67;"Naarn im Machlande"
"1077";41115;72;1327;5,43;"Pabneukirchen"
"1078";41116;486;6205;7,83;"Perg"
"1079";41117;34;746;4,56;"Rechberg"
"1080";41118;341;3358;10,15;"Ried in der Riedmark"
"1081";41119;66;1652;4;"St. Georgen am Walde"
"1082";41120;423;3213;13,17;"St. Georgen an der Gusen"
"1083";41121;34;555;6,13;"St. Nikola an der Donau"
"1084";41122;31;742;4,18;"St. Thomas am Blasenstein"
"1085";41123;91;1395;6,52;"Saxen"
"1086";41124;328;3967;8,27;"Schwertberg"
"1087";41125;132;2282;5,78;"Waldhausen im Strudengau"
"1088";41126;84;1130;7,43;"Windhaag bei Perg"
"1089";41201;37;601;6,16;"Andrichsfurt"
"1090";41202;58;809;7,17;"Antiesenhofen"
"1091";41203;147;2276;6,46;"Aurolzmünster"
"1092";41204;174;2672;6,51;"Eberschwang"
"1093";41205;52;632;8,23;"Eitzing"
"1094";41206;40;427;9,37;"Geiersberg"
"1095";41207;52;1073;4,85;"Geinberg"
"1096";41208;101;932;10,84;"Gurten"
"1097";41209;158;1765;8,95;"Hohenzell"
"1098";41210;31;491;6,31;"Kirchdorf am Inn"
"1099";41211;41;580;7,07;"Kirchheim im Innkreis"
"1100";41212;67;1050;6,38;"Lambrechten"
"1101";41213;106;1828;5,8;"Lohnsburg am Kobernaußerwald"
"1102";41214;130;1862;6,98;"Mehrnbach"
"1103";41215;67;1919;3,49;"Mettmach"
"1104";41216;37;263;14,07;"Mörschwang"
"1105";41217;35;523;6,69;"Mühlheim am Inn"
"1106";41218;213;1905;11,18;"Neuhofen im Innkreis"
"1107";41219;73;1124;6,49;"Obernberg am Inn"
"1108";41220;61;944;6,46;"Ort im Innkreis"
"1109";41221;66;728;9,07;"Pattigham"
"1110";41222;39;571;6,83;"Peterskirchen"
"1111";41223;81;839;9,65;"Pramet"
"1112";41224;74;1130;6,55;"Reichersberg"
"1113";41225;778;8298;9,38;"Ried im Innkreis"
"1114";41226;46;452;10,18;"St. Georgen bei Obernberg am Inn"
"1115";41227;51;688;7,41;"St. Marienkirchen am Hausruck"
"1116";41228;116;1348;8,61;"St. Martin im Innkreis"
"1117";41229;66;964;6,85;"Schildorn"
"1118";41230;33;602;5,48;"Senftenbach"
"1119";41231;118;1944;6,07;"Taiskirchen im Innkreis"
"1120";41232;140;1243;11,26;"Tumeltsham"
"1121";41233;98;1188;8,25;"Utzenaich"
"1122";41234;130;1763;7,37;"Waldzell"
"1123";41235;57;469;12,15;"Weilbach"
"1124";41236;25;451;5,54;"Wippenham"
"1125";41301;9;315;2,86;"Afiesl"
"1126";41302;37;428;8,64;"Ahorn"
"1127";41304;152;1799;8,45;"Altenfelden"
"1128";41305;63;894;7,05;"Arnreit"
"1129";41306;16;369;4,34;"Atzesberg"
"1130";41307;29;427;6,79;"Auberg"
"1131";41309;194;2068;9,38;"Haslach an der Mühl"
"1132";41310;49;784;6,25;"Helfenberg"
"1133";41311;5;334;1,5;"Hörbich"
"1134";41312;69;1204;5,73;"Hofkirchen im Mühlkreis"
"1135";41313;54;1284;4,21;"Julbach"
"1136";41314;93;870;10,69;"Kirchberg ob der Donau"
"1137";41315;40;1063;3,76;"Klaffer am Hochficht"
"1138";41316;157;1273;12,33;"Kleinzell im Mühlkreis"
"1139";41317;51;1198;4,26;"Kollerschlag"
"1140";41318;90;1256;7,17;"Lembach im Mühlkreis"
"1141";41319;4;409;0,98;"Lichtenau im Mühlkreis"
"1142";41320;32;490;6,53;"Nebelberg"
"1143";41321;102;940;10,85;"Neufelden"
"1144";41322;54;784;6,89;"Niederkappel"
"1145";41323;64;1458;4,39;"Niederwaldkirchen"
"1146";41324;29;514;5,64;"Oberkappel"
"1147";41325;73;1303;5,6;"Oepping"
"1148";41326;68;1272;5,35;"Peilstein im Mühlviertel"
"1149";41327;55;1165;4,72;"Pfarrkirchen im Mühlkreis"
"1150";41328;105;1233;8,52;"Putzleinsdorf"
"1151";41329;61;1146;5,32;"Neustift im Mühlkreis"
"1152";41331;50;826;6,05;"St. Johann am Wimberg"
"1153";41332;271;2961;9,15;"St. Martin im Mühlkreis"
"1154";41333;8;405;1,98;"St. Oswald bei Haslach"
"1155";41334;109;1445;7,54;"St. Peter am Wimberg"
"1156";41335;68;666;10,21;"St. Stefan am Walde"
"1157";41336;50;500;10;"St. Ulrich im Mühlkreis"
"1158";41337;85;982;8,66;"St. Veit im Mühlkreis"
"1159";41338;132;1832;7,21;"Sarleinsbach"
"1160";41341;13;456;2,85;"Schwarzenberg am Böhmerwald"
"1161";41342;126;2365;5,33;"Ulrichsberg"
"1162";41343;175;2590;6,76;"Aigen-Schlägl"
"1163";41344;419;4164;10,06;"Rohrbach-Berg"
"1164";41401;62;538;11,52;"Altschwendt"
"1165";41402;284;4070;6,98;"Andorf"
"1166";41403;135;1543;8,75;"Brunnenthal"
"1167";41404;99;1285;7,7;"Diersbach"
"1168";41405;69;839;8,22;"Dorf an der Pram"
"1169";41406;68;1053;6,46;"Eggerding"
"1170";41407;64;778;8,23;"Engelhartszell"
"1171";41408;61;1427;4,27;"Enzenkirchen"
"1172";41409;206;2350;8,77;"Esternberg"
"1173";41410;64;1008;6,35;"Freinberg"
"1174";41411;88;1619;5,44;"Kopfing im Innkreis"
"1175";41412;10;248;4,03;"Mayrhof"
"1176";41413;145;2107;6,88;"Münzkirchen"
"1177";41414;117;1793;6,53;"Raab"
"1178";41415;66;1166;5,66;"Rainbach im Innkreis"
"1179";41416;123;1612;7,63;"Riedau"
"1180";41417;52;1275;4,08;"St. Aegidi"
"1181";41418;181;2350;7,7;"St. Florian am Inn"
"1182";41419;104;1437;7,24;"St. Marienkirchen bei Schärding"
"1183";41420;63;1437;4,38;"St. Roman"
"1184";41421;45;930;4,84;"St. Willibald"
"1185";41422;328;3750;8,75;"Schärding"
"1186";41423;129;1712;7,54;"Schardenberg"
"1187";41424;48;669;7,17;"Sigharting"
"1188";41425;85;934;9,1;"Suben"
"1189";41426;145;2294;6,32;"Taufkirchen an der Pram"
"1190";41427;25;455;5,49;"Vichtenstein"
"1191";41428;49;991;4,94;"Waldkirchen am Wesen"
"1192";41429;90;1213;7,42;"Wernstein am Inn"
"1193";41430;107;1541;6,94;"Zell an der Pram"
"1194";41501;103;1438;7,16;"Adlwang"
"1195";41502;200;1874;10,67;"Aschach an der Steyr"
"1196";41503;419;4007;10,46;"Bad Hall"
"1197";41504;254;2474;10,27;"Dietach"
"1198";41505;107;1530;6,99;"Gaflenz"
"1199";41506;550;5263;10,45;"Garsten"
"1200";41507;156;2184;7,14;"Großraming"
"1201";41508;80;1008;7,94;"Laussa"
"1202";41509;106;1290;8,22;"Losenstein"
"1203";41510;69;1286;5,37;"Maria Neustift"
"1204";41511;147;1791;8,21;"Pfarrkirchen bei Bad Hall"
"1205";41512;81;1459;5,55;"Reichraming"
"1206";41513;104;1061;9,8;"Rohr im Kremstal"
"1207";41514;221;2474;8,93;"St. Ulrich bei Steyr"
"1208";41515;65;996;6,53;"Schiedlberg"
"1209";41516;570;7296;7,81;"Sierning"
"1210";41517;235;2764;8,5;"Ternberg"
"1211";41518;131;1771;7,4;"Waldneukirchen"
"1212";41521;247;2604;9,49;"Wolfern"
"1213";41522;316;3403;9,29;"Weyer"
"1214";41601;328;3213;10,21;"Alberndorf in der Riedmark"
"1215";41602;407;3610;11,27;"Altenberg bei Linz"
"1216";41603;372;3288;11,31;"Bad Leonfelden"
"1217";41604;177;1672;10,59;"Eidenberg"
"1218";41605;741;7044;10,52;"Engerwitzdorf"
"1219";41606;402;4410;9,12;"Feldkirchen an der Donau"
"1220";41607;717;5151;13,92;"Gallneukirchen"
"1221";41608;75;686;10,93;"Goldwörth"
"1222";41609;453;4120;11;"Gramastetten"
"1223";41610;50;738;6,78;"Haibach im Mühlkreis"
"1224";41611;208;1852;11,23;"Hellmonsödt"
"1225";41612;150;2054;7,3;"Herzogsdorf"
"1226";41613;203;1678;12,1;"Kirchschlag bei Linz"
"1227";41614;304;2149;14,15;"Lichtenberg"
"1228";41615;219;2584;8,48;"Oberneukirchen"
"1229";41616;22;426;5,16;"Ottenschlag im Mühlkreis"
"1230";41617;648;3702;17,5;"Ottensheim"
"1231";41618;600;3651;16,43;"Puchenau"
"1232";41619;104;1033;10,07;"Reichenau im Mühlkreis"
"1233";41620;103;1191;8,65;"Reichenthal"
"1234";41621;112;1078;10,39;"St. Gotthard im Mühlkreis"
"1235";41622;97;1287;7,54;"Schenkenfelden"
"1236";41623;69;772;8,94;"Sonnberg im Mühlkreis"
"1237";41624;438;3887;11,27;"Steyregg"
"1238";41626;462;3344;13,82;"Walding"
"1239";41627;185;1367;13,53;"Zwettl an der Rodl"
"1240";41628;136;2151;6,32;"Vorderweißenbach"
"1241";41701;138;2591;5,33;"Ampflwang im Hausruckwald"
"1242";41702;113;1285;8,79;"Attersee am Attersee"
"1243";41703;399;5726;6,97;"Attnang-Puchheim"
"1244";41704;80;940;8,51;"Atzbach"
"1245";41705;113;1352;8,36;"Aurach am Hongar"
"1246";41706;47;803;5,85;"Berg im Attergau"
"1247";41707;127;1433;8,86;"Desselbrunn"
"1248";41708;57;760;7,5;"Fornach"
"1249";41709;207;3905;5,3;"Frankenburg am Hausruck"
"1250";41710;181;2693;6,72;"Frankenmarkt"
"1251";41711;192;2296;8,36;"Gampern"
"1252";41712;54;905;5,97;"Innerschwand am Mondsee"
"1253";41713;272;3871;7,03;"Lenzing"
"1254";41714;56;656;8,54;"Manning"
"1255";41715;199;2550;7,8;"Mondsee"
"1256";41716;173;2081;8,31;"Neukirchen an der Vöckla"
"1257";41717;87;864;10,07;"Niederthalheim"
"1258";41718;78;892;8,74;"Nußdorf am Attersee"
"1259";41719;112;1231;9,1;"Oberhofen am Irrsee"
"1260";41720;115;1108;10,38;"Oberndorf bei Schwanenstadt"
"1261";41721;45;1347;3,34;"Oberwang"
"1262";41722;199;3059;6,51;"Ottnang am Hausruck"
"1263";41723;90;1181;7,62;"Pfaffing"
"1264";41724;72;524;13,74;"Pilsbach"
"1265";41725;42;435;9,66;"Pitzenberg"
"1266";41726;64;1868;3,43;"Pöndorf"
"1267";41727;104;797;13,05;"Puchkirchen am Trattberg"
"1268";41728;52;487;10,68;"Pühret"
"1269";41729;23;408;5,64;"Redleiten"
"1270";41730;112;1228;9,12;"Redlham"
"1271";41731;347;5028;6,9;"Regau"
"1272";41732;121;1653;7,32;"Rüstorf"
"1273";41733;30;224;13,39;"Rutzenham"
"1274";41734;283;3171;8,92;"St. Georgen im Attergau"
"1275";41735;127;1869;6,8;"St. Lorenz"
"1276";41736;95;1092;8,7;"Schlatt"
"1277";41737;277;2734;10,13;"Schörfling am Attersee"
"1278";41738;237;2941;8,06;"Schwanenstadt"
"1279";41739;414;4371;9,47;"Seewalchen am Attersee"
"1280";41740;69;667;10,34;"Steinbach am Attersee"
"1281";41741;77;1139;6,76;"Straß im Attergau"
"1282";41742;203;2902;7;"Tiefgraben"
"1283";41743;366;4386;8,34;"Timelkam"
"1284";41744;153;1183;12,93;"Ungenach"
"1285";41745;113;1137;9,94;"Unterach am Attersee"
"1286";41746;856;8946;9,57;"Vöcklabruck"
"1287";41747;248;3751;6,61;"Vöcklamarkt"
"1288";41748;29;763;3,8;"Weißenkirchen im Attergau"
"1289";41749;149;1308;11,39;"Weyregg am Attersee"
"1290";41750;114;1515;7,52;"Wolfsegg am Hausruck"
"1291";41751;24;1195;2,01;"Zell am Moos"
"1292";41752;92;995;9,25;"Zell am Pettenfirst"
"1293";41801;30;439;6,83;"Aichkirchen"
"1294";41802;47;506;9,29;"Bachmanning"
"1295";41803;162;1987;8,15;"Bad Wimsbach-Neydharting"
"1296";41804;317;3252;9,75;"Buchkirchen"
"1297";41805;157;1985;7,91;"Eberstalzell"
"1298";41806;151;1711;8,83;"Edt bei Lambach"
"1299";41807;80;1081;7,4;"Fischlham"
"1300";41808;414;4592;9,02;"Gunskirchen"
"1301";41809;82;741;11,07;"Holzhausen"
"1302";41810;282;2471;11,41;"Krenglbach"
"1303";41811;178;2345;7,59;"Lambach"
"1304";41812;651;9551;6,82;"Marchtrenk"
"1305";41813;65;728;8,93;"Neukirchen bei Lambach"
"1306";41814;119;1253;9,5;"Offenhausen"
"1307";41815;69;709;9,73;"Pennewang"
"1308";41816;165;2196;7,51;"Pichl bei Wels"
"1309";41817;123;1927;6,38;"Sattledt"
"1310";41818;142;1024;13,87;"Schleißheim"
"1311";41819;110;1524;7,22;"Sipbachzell"
"1312";41820;252;3611;6,98;"Stadl-Paura"
"1313";41821;156;1843;8,46;"Steinerkirchen an der Traun"
"1314";41822;142;1705;8,33;"Steinhaus"
"1315";41823;527;4180;12,61;"Thalheim bei Wels"
"1316";41824;235;2628;8,94;"Weißkirchen an der Traun"
"1317";50101;6109;99332;6,15;"Salzburg"
"1318";50201;167;4441;3,76;"Abtenau"
"1319";50202;197;2818;6,99;"Adnet"
"1320";50203;84;1706;4,92;"Annaberg-Lungötz"
"1321";50204;214;3052;7,01;"Golling an der Salzach"
"1322";50205;838;13951;6,01;"Hallein"
"1323";50206;27;703;3,84;"Krispl"
"1324";50207;398;5412;7,35;"Kuchl"
"1325";50208;297;3205;9,27;"Oberalm"
"1326";50209;278;3394;8,19;"Puch bei Hallein"
"1327";50210;22;631;3,49;"Rußbach am Paß Gschütt"
"1328";50211;70;1326;5,28;"Sankt Koloman"
"1329";50212;54;1088;4,96;"Scheffau am Tennengebirge"
"1330";50213;99;1565;6,33;"Bad Vigaun"
"1331";50301;270;3063;8,81;"Anif"
"1332";50302;239;2844;8,4;"Anthering"
"1333";50303;328;3946;8,31;"Bergheim"
"1334";50304;76;1375;5,53;"Berndorf bei Salzburg"
"1335";50305;228;3630;6,28;"Bürmoos"
"1336";50306;74;1208;6,13;"Dorfbeuern"
"1337";50307;59;1104;5,34;"Ebenau"
"1338";50308;222;2306;9,63;"Elixhausen"
"1339";50309;364;4191;8,69;"Elsbethen"
"1340";50310;317;5266;6,02;"Eugendorf"
"1341";50311;123;2394;5,14;"Faistenau"
"1342";50312;82;1055;7,77;"Fuschl am See"
"1343";50313;34;603;5,64;"Göming"
"1344";50314;410;5128;8;"Grödig"
"1345";50315;135;1832;7,37;"Großgmain"
"1346";50316;236;3245;7,27;"Hallwang"
"1347";50317;387;3765;10,28;"Henndorf am Wallersee"
"1348";50318;18;355;5,07;"Hintersee"
"1349";50319;157;2690;5,84;"Hof bei Salzburg"
"1350";50320;108;2048;5,27;"Köstendorf"
"1351";50321;184;2689;6,84;"Koppl"
"1352";50322;185;2920;6,34;"Lamprechtshausen"
"1353";50323;207;2468;8,39;"Mattsee"
"1354";50324;309;4491;6,88;"Neumarkt am Wallersee"
"1355";50325;125;1851;6,75;"Nußdorf am Haunsberg"
"1356";50326;302;4101;7,36;"Oberndorf bei Salzburg"
"1357";50327;291;3676;7,92;"Obertrum am See"
"1358";50328;79;971;8,14;"Plainfeld"
"1359";50329;110;2337;4,71;"Sankt Georgen bei Salzburg"
"1360";50330;169;2897;5,83;"Sankt Gilgen"
"1361";50331;78;814;9,58;"Schleedorf"
"1362";50332;95;1474;6,45;"Seeham"
"1363";50335;231;5459;4,23;"Straßwalchen"
"1364";50336;173;2843;6,09;"Strobl"
"1365";50337;295;4560;6,47;"Thalgau"
"1366";50338;706;9953;7,09;"Wals-Siezenheim"
"1367";50339;650;7960;8,17;"Seekirchen am Wallersee"
"1368";50401;169;3048;5,54;"Altenmarkt im Pongau"
"1369";50402;190;5008;3,79;"Bad Hofgastein"
"1370";50403;133;2734;4,86;"Bad Gastein"
"1371";50404;445;7449;5,97;"Bischofshofen"
"1372";50405;75;1289;5,82;"Dorfgastein"
"1373";50406;95;1702;5,58;"Eben im Pongau"
"1374";50407;27;1004;2,69;"Filzmoos"
"1375";50408;134;2062;6,5;"Flachau"
"1376";50409;21;434;4,84;"Forstau"
"1377";50410;155;1955;7,93;"Goldegg"
"1378";50411;86;2879;2,99;"Großarl"
"1379";50412;16;1054;1,52;"Hüttau"
"1380";50413;18;711;2,53;"Hüttschlag"
"1381";50414;21;602;3,49;"Kleinarl"
"1382";50415;49;1134;4,32;"Mühlbach am Hochkönig"
"1383";50416;138;1778;7,76;"Pfarrwerfen"
"1384";50417;186;3341;5,57;"Radstadt"
"1385";50418;516;7812;6,61;"Sankt Johann im Pongau"
"1386";50419;59;1240;4,76;"Sankt Martin am Tennengebirge"
"1387";50420;174;2916;5,97;"Sankt Veit im Pongau"
"1388";50421;178;2492;7,14;"Schwarzach im Pongau"
"1389";50422;11;325;3,38;"Untertauern"
"1390";50423;90;2226;4,04;"Wagrain"
"1391";50424;112;2256;4,96;"Werfen"
"1392";50425;27;708;3,81;"Werfenweng"
"1393";50501;16;291;5,5;"Göriach"
"1394";50502;15;454;3,3;"Lessach"
"1395";50503;84;1914;4,39;"Mariapfarr"
"1396";50504;103;1262;8,16;"Mauterndorf"
"1397";50505;6;433;1,39;"Muhr"
"1398";50506;47;905;5,19;"Ramingstein"
"1399";50507;26;622;4,18;"Sankt Andrä im Lungau"
"1400";50508;34;550;6,18;"Sankt Margarethen im Lungau"
"1401";50509;126;2707;4,65;"Sankt Michael im Lungau"
"1402";50510;218;4531;4,81;"Tamsweg"
"1403";50511;10;266;3,76;"Thomatal"
"1404";50512;12;178;6,74;"Tweng"
"1405";50513;30;793;3,78;"Unternberg"
"1406";50514;8;243;3,29;"Weißpriach"
"1407";50515;29;967;3;"Zederhaus"
"1408";50601;126;3157;3,99;"Bramberg am Wildkogel"
"1409";50602;145;3431;4,23;"Bruck an der Großglocknerstraße"
"1410";50603;28;608;4,61;"Dienten am Hochkönig"
"1411";50604;31;523;5,93;"Fusch an der Großglocknerstraße"
"1412";50605;42;953;4,41;"Hollersbach im Pinzgau"
"1413";50606;35;2146;1,63;"Kaprun"
"1414";50607;8;631;1,27;"Krimml"
"1415";50608;31;1048;2,96;"Lend"
"1416";50609;133;2424;5,49;"Leogang"
"1417";50610;59;1520;3,88;"Lofer"
"1418";50611;169;2592;6,52;"Maishofen"
"1419";50612;80;1600;5;"Maria Alm am Steinernen Meer"
"1420";50613;202;3867;5,22;"Mittersill"
"1421";50614;57;2024;2,82;"Neukirchen am Großvenediger"
"1422";50615;83;2101;3,95;"Niedernsill"
"1423";50616;148;2824;5,24;"Piesendorf"
"1424";50617;67;2422;2,77;"Rauris"
"1425";50618;51;2036;2,5;"Saalbach-Hinterglemm"
"1426";50619;772;11977;6,45;"Saalfelden am Steinernen Meer"
"1427";50620;72;865;8,32;"Sankt Martin bei Lofer"
"1428";50621;35;1277;2,74;"Stuhlfelden"
"1429";50622;52;2116;2,46;"Taxenbach"
"1430";50623;61;1423;4,29;"Unken"
"1431";50624;111;2314;4,8;"Uttendorf"
"1432";50625;18;443;4,06;"Viehhofen"
"1433";50626;21;867;2,42;"Wald im Pinzgau"
"1434";50627;18;309;5,83;"Weißbach bei Lofer"
"1435";50628;400;6474;6,18;"Zell am See"
"1436";60101;19793;197175;10,04;"Graz"
"1437";60305;167;2386;7;"Frauental an der Laßnitz"
"1438";60318;225;2795;8,05;"Lannach"
"1439";60323;63;1379;4,57;"Pölfing-Brunn"
"1440";60324;86;1455;5,91;"Preding"
"1441";60326;118;1270;9,29;"Sankt Josef (Weststeiermark)"
"1442";60329;52;1073;4,85;"Sankt Peter im Sulmtal"
"1443";60341;58;1312;4,42;"Wettmannstätten"
"1444";60344;570;9297;6,13;"Deutschlandsberg"
"1445";60345;215;5443;3,95;"Eibiswald"
"1446";60346;188;3435;5,47;"Groß Sankt Florian"
"1447";60347;157;2598;6,04;"Sankt Martin im Sulmtal"
"1448";60348;168;2970;5,66;"Sankt Stefan ob Stainz"
"1449";60349;156;3820;4,08;"Schwanberg"
"1450";60350;514;7141;7,2;"Stainz"
"1451";60351;162;3720;4,35;"Wies"
"1452";60608;270;4493;6,01;"Feldkirchen bei Graz"
"1453";60611;221;3048;7,25;"Gössendorf"
"1454";60613;342;6181;5,53;"Gratkorn"
"1455";60617;410;3913;10,48;"Hart bei Graz"
"1456";60618;106;1181;8,98;"Haselsdorf-Tobelbad"
"1457";60619;302;2562;11,79;"Hausmannstätten"
"1458";60623;151;2334;6,47;"Kainbach bei Graz"
"1459";60624;310;5059;6,13;"Kalsdorf bei Graz"
"1460";60626;338;3086;10,95;"Kumberg"
"1461";60628;206;2241;9,19;"Laßnitzhöhe"
"1462";60629;350;4030;8,68;"Lieboch"
"1463";60632;69;1716;4,02;"Peggau"
"1464";60639;73;1156;6,31;"Sankt Bartholomä"
"1465";60641;91;1033;8,81;"Sankt Oswald bei Plankenwarth"
"1466";60642;172;1809;9,51;"Sankt Radegund bei Graz"
"1467";60645;144;2587;5,57;"Semriach"
"1468";60646;269;2348;11,46;"Stattegg"
"1469";60647;43;604;7,12;"Stiwoll"
"1470";60648;155;1772;8,75;"Thal"
"1471";60651;91;1690;5,38;"Übelbach"
"1472";60653;220;3667;6;"Vasoldsberg"
"1473";60654;167;2101;7,95;"Weinitzen"
"1474";60655;96;1794;5,35;"Werndorf"
"1475";60656;79;1225;6,45;"Wundschuh"
"1476";60659;189;3365;5,62;"Deutschfeistritz"
"1477";60660;185;2710;6,83;"Dobl-Zwaring"
"1478";60661;364;5271;6,91;"Eggersdorf bei Graz"
"1479";60662;220;3895;5,65;"Fernitz-Mellach"
"1480";60663;461;5481;8,41;"Frohnleiten"
"1481";60664;895;10341;8,65;"Gratwein-Straßengel"
"1482";60665;462;5765;8,01;"Hitzendorf"
"1483";60666;146;2183;6,69;"Nestelbach bei Graz"
"1484";60667;270;3312;8,15;"Raaba-Grambach"
"1485";60668;203;2993;6,78;"Sankt Marein bei Graz"
"1486";60669;734;8393;8,75;"Seiersberg-Pirka"
"1487";60670;363;4668;7,78;"Unterpremstätten-Zettling"
"1488";61001;95;1203;7,9;"Allerheiligen bei Wildon"
"1489";61002;61;820;7,44;"Arnfels"
"1490";61007;43;1131;3,8;"Empersdorf"
"1491";61008;27;952;2,84;"Gabersdorf"
"1492";61012;89;1830;4,86;"Gralla"
"1493";61013;84;1879;4,47;"Großklein"
"1494";61016;63;1617;3,9;"Heimschuh"
"1495";61017;56;1148;4,88;"Hengsberg"
"1496";61019;43;1031;4,17;"Kitzeck im Sausal"
"1497";61020;88;1062;8,29;"Lang"
"1498";61021;135;1667;8,1;"Lebring-Sankt Margarethen"
"1499";61024;34;1742;1,95;"Oberhaag"
"1500";61027;45;1218;3,69;"Ragnitz"
"1501";61030;61;1471;4,15;"Sankt Andrä-Höch"
"1502";61032;74;1685;4,39;"Sankt Johann im Saggautal"
"1503";61033;114;1912;5,96;"Sankt Nikolai im Sausal"
"1504";61043;142;2703;5,25;"Tillmitsch"
"1505";61045;288;4575;6,3;"Wagna"
"1506";61049;79;2026;3,9;"Ehrenhausen an der Weinstraße"
"1507";61050;105;2657;3,95;"Gamlitz"
"1508";61051;123;2324;5,29;"Gleinstätten"
"1509";61052;119;2247;5,3;"Heiligenkreuz am Waasen"
"1510";61053;661;9477;6,97;"Leibnitz"
"1511";61054;95;3058;3,11;"Leutschach an der Weinstraße"
"1512";61055;82;1210;6,78;"Sankt Georgen an der Stiefing"
"1513";61056;180;3303;5,45;"Sankt Veit in der Südsteiermark"
"1514";61057;74;1915;3,86;"Schwarzautal"
"1515";61058;248;3646;6,8;"Straß-Spielfeld"
"1516";61059;245;4182;5,86;"Wildon"
"1517";61101;196;3605;5,44;"Eisenerz"
"1518";61105;56;836;6,7;"Kalwang"
"1519";61106;77;1333;5,78;"Kammern im Liesingtal"
"1520";61107;61;1110;5,5;"Kraubath an der Mur"
"1521";61108;1468;18831;7,8;"Leoben"
"1522";61109;102;1488;6,85;"Mautern in Steiermark"
"1523";61110;107;1992;5,37;"Niklasdorf"
"1524";61111;128;1316;9,73;"Proleb"
"1525";61112;27;506;5,34;"Radmer"
"1526";61113;159;2465;6,45;"Sankt Michael in Obersteiermark"
"1527";61114;110;1941;5,67;"Sankt Peter-Freienstein"
"1528";61115;90;1615;5,57;"Sankt Stefan ob Leoben"
"1529";61116;72;1168;6,16;"Traboch"
"1530";61118;27;823;3,28;"Vordernberg"
"1531";61119;24;479;5,01;"Wald am Schoberpaß"
"1532";61120;635;9307;6,82;"Trofaiach"
"1533";61203;139;2205;6,3;"Aigen im Ennstal"
"1534";61204;132;1554;8,49;"Altaussee"
"1535";61205;62;664;9,34;"Altenmarkt bei Sankt Gallen"
"1536";61206;75;1037;7,23;"Ardning"
"1537";61207;296;3703;7,99;"Bad Aussee"
"1538";61213;158;2232;7,08;"Gröbming"
"1539";61215;68;1019;6,67;"Grundlsee"
"1540";61217;104;1924;5,41;"Haus"
"1541";61222;65;1449;4,49;"Lassing"
"1542";61236;88;2128;4,14;"Ramsau am Dachstein"
"1543";61243;78;1274;6,12;"Selzthal"
"1544";61247;129;2680;4,81;"Trieben"
"1545";61251;28;412;6,8;"Wildalpen"
"1546";61252;54;905;5,97;"Wörschach"
"1547";61253;242;4063;5,96;"Admont"
"1548";61254;33;990;3,33;"Aich"
"1549";61255;210;3835;5,48;"Bad Mitterndorf"
"1550";61256;60;1112;5,4;"Gaishorn am See"
"1551";61257;194;3364;5,77;"Irdning-Donnersbachtal"
"1552";61258;146;2383;6,13;"Landl"
"1553";61259;391;5979;6,54;"Liezen"
"1554";61260;45;888;5,07;"Michaelerberg-Pruggern"
"1555";61261;82;1534;5,35;"Mitterberg-Sankt Martin"
"1556";61262;86;1549;5,55;"Öblarn"
"1557";61263;256;4097;6,25;"Rottenmann"
"1558";61264;65;1465;4,44;"Sankt Gallen"
"1559";61265;302;5076;5,95;"Schladming"
"1560";61266;25;1249;2;"Sölk"
"1561";61267;123;2162;5,69;"Stainach-Pürgg"
"1562";61410;42;747;5,62;"Mühlen"
"1563";61413;16;478;3,35;"Niederwölz"
"1564";61425;65;1683;3,86;"St. Peter am Kammersberg"
"1565";61428;57;794;7,18;"Schöder"
"1566";61437;45;1213;3,71;"Krakau"
"1567";61438;236;3027;7,8;"Murau"
"1568";61439;247;4176;5,91;"Neumarkt in der Steiermark"
"1569";61440;119;2473;4,81;"Oberwölz"
"1570";61441;46;974;4,72;"Ranten"
"1571";61442;69;1423;4,85;"Sankt Georgen am Kreischberg"
"1572";61443;69;1532;4,5;"Sankt Lambrecht"
"1573";61444;114;1764;6,46;"Scheifling"
"1574";61445;54;1427;3,78;"Stadl-Predlitz"
"1575";61446;71;1551;4,58;"Teufenbach-Katsch"
"1576";61611;114;2049;5,56;"Krottendorf-Gaisfeld"
"1577";61612;172;2728;6,3;"Ligist"
"1578";61615;100;1801;5,55;"Mooskirchen"
"1579";61618;85;1430;5,94;"Rosental an der Kainach"
"1580";61621;30;692;4,34;"Sankt Martin am Wöllmißberg"
"1581";61624;138;2567;5,38;"Stallhofen"
"1582";61625;444;7804;5,69;"Voitsberg"
"1583";61626;247;4642;5,32;"Bärnbach"
"1584";61627;34;1480;2,3;"Edelschrott"
"1585";61628;56;1324;4,23;"Geistthal-Södingberg"
"1586";61629;41;897;4,57;"Hirschegg-Pack"
"1587";61630;57;1365;4,18;"Kainach bei Voitsberg"
"1588";61631;444;8330;5,33;"Köflach"
"1589";61632;129;2425;5,32;"Maria Lankowitz"
"1590";61633;219;3327;6,58;"Söding-Sankt Johann"
"1591";61701;108;1589;6,8;"Albersdorf-Prebuch"
"1592";61708;118;1275;9,25;"Fischbach"
"1593";61710;46;973;4,73;"Floing"
"1594";61711;55;743;7,4;"Gasen"
"1595";61716;175;2353;7,44;"Markt Hartmannsdorf"
"1596";61719;124;1748;7,09;"Hofstätten an der Raab"
"1597";61727;148;1894;7,81;"Ludersdorf-Wilfersdorf"
"1598";61728;43;583;7,38;"Miesenbach bei Birkfeld"
"1599";61729;103;1688;6,1;"Mitterdorf an der Raab"
"1600";61730;148;1736;8,53;"Mortantsch"
"1601";61731;53;1141;4,65;"Naas"
"1602";61740;126;1722;7,32;"Puch bei Weiz"
"1603";61741;61;943;6,47;"Ratten"
"1604";61743;27;614;4,4;"Rettenegg"
"1605";61744;41;520;7,88;"St. Kathrein am Hauenstein"
"1606";61745;55;930;5,91;"Sankt Kathrein am Offenegg"
"1607";61746;176;3281;5,36;"St. Margarethen an der Raab"
"1608";61748;155;3343;4,64;"Sinabelkirchen"
"1609";61750;68;1572;4,33;"Strallegg"
"1610";61751;149;1987;7,5;"Thannhausen"
"1611";61756;316;3404;9,28;"Anger"
"1612";61757;286;4206;6,8;"Birkfeld"
"1613";61758;66;1465;4,51;"Fladnitz an der Teichalm"
"1614";61759;56;1401;4;"Gersdorf an der Feistritz"
"1615";61760;658;8330;7,9;"Gleisdorf"
"1616";61761;93;1447;6,43;"Gutenberg-Stenzengreith"
"1617";61762;124;1760;7,05;"Ilztal"
"1618";61763;267;3525;7,57;"Passail"
"1619";61764;204;2994;6,81;"Pischelsdorf am Kulm"
"1620";61765;256;4178;6,13;"Sankt Ruprecht an der Raab"
"1621";61766;824;8996;9,16;"Weiz"
"1622";62007;497;6460;7,69;"Fohnsdorf"
"1623";62008;46;1110;4,14;"Gaal"
"1624";62010;43;350;12,29;"Hohentauern"
"1625";62014;142;1543;9,2;"Kobenz"
"1626";62021;15;386;3,89;"Pusterwald"
"1627";62026;33;707;4,67;"Sankt Georgen ob Judenburg"
"1628";62032;87;916;9,5;"Sankt Peter ob Judenburg"
"1629";62034;84;1043;8,05;"Seckau"
"1630";62036;49;1120;4,38;"Unzmarkt-Frauenburg"
"1631";62038;340;5618;6,05;"Zeltweg"
"1632";62039;91;1499;6,07;"Großlobming"
"1633";62040;565;8129;6,95;"Judenburg"
"1634";62041;801;9188;8,72;"Knittelfeld"
"1635";62042;169;3161;5,35;"Obdach"
"1636";62043;192;2530;7,59;"Pöls-Oberkurzheim"
"1637";62044;115;2255;5,1;"Pölstal"
"1638";62045;146;1605;9,1;"Sankt Marein-Feistritz"
"1639";62046;159;2262;7,03;"Sankt Margarethen bei Knittelfeld"
"1640";62047;358;4403;8,13;"Spielberg"
"1641";62048;356;4030;8,83;"Weißkirchen in Steiermark"
"1642";62105;101;1447;6,98;"Breitenau am Hochlantsch"
"1643";62115;337;4447;7,58;"Krieglach"
"1644";62116;198;3286;6,03;"Langenwang"
"1645";62125;152;1934;7,86;"Pernegg an der Mur"
"1646";62128;213;2918;7,3;"Sankt Lorenzen im Mürztal"
"1647";62131;94;1256;7,48;"Spital am Semmering"
"1648";62132;98;1526;6,42;"Stanz im Mürztal"
"1649";62135;109;1278;8,53;"Turnau"
"1650";62138;185;2044;9,05;"Aflenz"
"1651";62139;1128;12720;8,87;"Bruck an der Mur"
"1652";62140;988;16764;5,89;"Kapfenberg"
"1653";62141;533;6790;7,85;"Kindberg"
"1654";62142;156;3168;4,92;"Mariazell"
"1655";62143;603;6899;8,74;"Mürzzuschlag"
"1656";62144;144;2102;6,85;"Neuberg an der Mürz"
"1657";62145;371;5625;6,6;"Sankt Barbara im Mürztal"
"1658";62146;125;2111;5,92;"Sankt Marein im Mürztal"
"1659";62147;128;1963;6,52;"Thörl"
"1660";62148;100;1612;6,2;"Tragöß-Sankt Katharein"
"1661";62202;65;1307;4,97;"Bad Blumau"
"1662";62205;120;1819;6,6;"Buch-St. Magdalena"
"1663";62206;52;862;6,03;"Burgau"
"1664";62209;43;1046;4,11;"Ebersdorf"
"1665";62211;194;2170;8,94;"Friedberg"
"1666";62214;57;1463;3,9;"Greinbach"
"1667";62216;60;1049;5,72;"Großsteinbach"
"1668";62219;477;5280;9,03;"Hartberg"
"1669";62220;137;1734;7,9;"Hartberg Umgebung"
"1670";62226;65;1127;5,77;"Lafnitz"
"1671";62232;63;1309;4,81;"Ottendorf an der Rittschein"
"1672";62233;136;2563;5,31;"Pinggau"
"1673";62235;88;1721;5,11;"Pöllauberg"
"1674";62242;39;873;4,47;"Sankt Jakob im Walde"
"1675";62244;92;1776;5,18;"Sankt Johann in der Haide"
"1676";62245;72;1263;5,7;"Sankt Lorenzen am Wechsel"
"1677";62247;36;1104;3,26;"Schäffern"
"1678";62252;72;1193;6,04;"Söchau"
"1679";62256;92;1812;5,08;"Stubenberg"
"1680";62262;90;1141;7,89;"Wenigzell"
"1681";62264;221;3093;7,15;"Bad Waltersdorf"
"1682";62265;115;1699;6,77;"Dechantskirchen"
"1683";62266;117;2003;5,84;"Feistritztal"
"1684";62267;541;6872;7,87;"Fürstenfeld"
"1685";62268;132;2547;5,18;"Grafendorf bei Hartberg"
"1686";62269;89;1676;5,31;"Großwilfersdorf"
"1687";62270;62;1780;3,48;"Hartl"
"1688";62271;215;3061;7,02;"Ilz"
"1689";62272;140;2362;5,93;"Kaindorf"
"1690";62273;88;1548;5,68;"Loipersdorf bei Fürstenfeld"
"1691";62274;85;1044;8,14;"Neudau"
"1692";62275;343;5162;6,64;"Pöllau"
"1693";62276;54;1200;4,5;"Rohr bei Hartberg"
"1694";62277;131;2251;5,82;"Rohrbach an der Lafnitz"
"1695";62278;122;3973;3,07;"Vorau"
"1696";62279;74;1267;5,84;"Waldbach-Mönichwald"
"1697";62311;67;1096;6,11;"Edelsbach bei Feldbach"
"1698";62314;33;1047;3,15;"Eichkögl"
"1699";62326;55;1486;3,7;"Halbenrain"
"1700";62330;76;1400;5,43;"Jagerberg"
"1701";62332;58;1287;4,51;"Kapfenstein"
"1702";62335;59;1028;5,74;"Klöch"
"1703";62343;46;1059;4,34;"Mettersdorf am Saßbach"
"1704";62347;61;1368;4,46;"Murfeld"
"1705";62368;62;1072;5,78;"Tieschen"
"1706";62372;30;1059;2,83;"Unterlamm"
"1707";62375;204;4261;4,79;"Bad Gleichenberg"
"1708";62376;181;2517;7,19;"Bad Radkersburg"
"1709";62377;100;1533;6,52;"Deutsch Goritz"
"1710";62378;330;6022;5,48;"Fehring"
"1711";62379;662;10277;6,44;"Feldbach"
"1712";62380;213;5069;4,2;"Gnas"
"1713";62381;177;2718;6,51;"Kirchbach in der Steiermark"
"1714";62382;148;3649;4,06;"Kirchberg an der Raab"
"1715";62383;165;2868;5,75;"Mureck"
"1716";62384;76;2593;2,93;"Paldau"
"1717";62385;81;2082;3,89;"Pirching am Traubenberg"
"1718";62386;202;4102;4,92;"Riegersburg"
"1719";62387;74;2025;3,65;"Sankt Anna am Aigen"
"1720";62388;111;2476;4,48;"Sankt Peter am Ottersbach"
"1721";62389;144;3284;4,38;"Sankt Stefan im Rosental"
"1722";62390;180;3043;5,92;"Straden"
"1723";70101;8424;87908;9,58;"Innsbruck"
"1724";70201;117;2363;4,95;"Arzl im Pitztal"
"1725";70202;203;3451;5,88;"Haiming"
"1726";70203;502;7389;6,79;"Imst"
"1727";70204;30;627;4,78;"Imsterberg"
"1728";70205;16;701;2,28;"Jerzens"
"1729";70206;26;504;5,16;"Karres"
"1730";70207;75;563;13,32;"Karrösten"
"1731";70208;90;3399;2,65;"Längenfeld"
"1732";70209;191;2757;6,93;"Mieming"
"1733";70210;81;444;18,24;"Mils bei Imst"
"1734";70211;78;898;8,69;"Mötz"
"1735";70212;75;1634;4,59;"Nassereith"
"1736";70213;77;940;8,19;"Obsteig"
"1737";70214;93;1749;5,32;"Oetz"
"1738";70215;91;1807;5,04;"Rietz"
"1739";70216;52;1347;3,86;"Roppen"
"1740";70217;20;1086;1,84;"St. Leonhard im Pitztal"
"1741";70218;52;1115;4,66;"Sautens"
"1742";70219;110;1964;5,6;"Silz"
"1743";70220;69;2182;3,16;"Sölden"
"1744";70221;90;1102;8,17;"Stams"
"1745";70222;102;2095;4,87;"Tarrenz"
"1746";70223;71;2354;3,02;"Umhausen"
"1747";70224;39;1603;2,43;"Wenns"
"1748";70301;639;5607;11,4;"Absam"
"1749";70302;245;1929;12,7;"Aldrans"
"1750";70303;134;1309;10,24;"Ampass"
"1751";70304;437;4611;9,48;"Axams"
"1752";70305;102;951;10,73;"Baumkirchen"
"1753";70306;91;1098;8,29;"Birgitz"
"1754";70307;86;893;9,63;"Ellbögen"
"1755";70308;87;968;8,99;"Flaurling"
"1756";70309;173;1681;10,29;"Fritzens"
"1757";70310;191;3047;6,27;"Fulpmes"
"1758";70311;84;623;13,48;"Gnadenwald"
"1759";70312;340;3082;11,03;"Götzens"
"1760";70313;58;985;5,89;"Gries am Brenner"
"1761";70314;27;480;5,62;"Gries im Sellrain"
"1762";70315;60;1075;5,58;"Grinzens"
"1763";70317;2;338;0,59;"Gschnitz"
"1764";70318;117;1080;10,83;"Hatting"
"1765";70319;276;2903;9,51;"Inzing"
"1766";70320;244;2200;11,09;"Kematen in Tirol"
"1767";70322;42;1277;3,29;"Kolsass"
"1768";70323;56;619;9,05;"Kolsassberg"
"1769";70325;46;836;5,5;"Lans"
"1770";70326;81;1590;5,09;"Leutasch"
"1771";70327;62;727;8,53;"Matrei am Brenner"
"1772";70328;132;1326;9,95;"Mieders"
"1773";70329;416;3362;12,37;"Mils"
"1774";70330;49;1044;4,69;"Mühlbachl"
"1775";70331;181;1616;11,2;"Mutters"
"1776";70332;155;1545;10,03;"Natters"
"1777";70333;56;1596;3,51;"Navis"
"1778";70334;152;3444;4,41;"Neustift im Stubaital"
"1779";70335;129;1375;9,38;"Oberhofen im Inntal"
"1780";70336;14;281;4,98;"Obernberg am Brenner"
"1781";70337;265;2374;11,16;"Oberperfuss"
"1782";70338;105;776;13,53;"Patsch"
"1783";70339;74;826;8,96;"Pettnau"
"1784";70340;109;800;13,62;"Pfaffenhofen"
"1785";70341;118;994;11,87;"Pfons"
"1786";70342;53;823;6,44;"Polling in Tirol"
"1787";70343;104;827;12,58;"Ranggen"
"1788";70344;91;850;10,71;"Reith bei Seefeld"
"1789";70345;134;1416;9,46;"Rinn"
"1790";70346;649;6778;9,58;"Rum"
"1791";70347;4;139;2,88;"St. Sigmund im Sellrain"
"1792";70348;56;877;6,39;"Scharnitz"
"1793";70349;30;709;4,23;"Schmirn"
"1794";70350;58;727;7,98;"Schönberg im Stubaital"
"1795";70351;166;2063;8,05;"Seefeld in Tirol"
"1796";70352;60;1092;5,49;"Sellrain"
"1797";70353;300;1720;17,44;"Sistrans"
"1798";70354;864;9498;9,1;"Hall in Tirol"
"1799";70355;217;2700;8,04;"Steinach am Brenner"
"1800";70356;76;1216;6,25;"Telfes im Stubai"
"1801";70357;730;10787;6,77;"Telfs"
"1802";70358;302;3005;10,05;"Thaur"
"1803";70359;69;1014;6,8;"Trins"
"1804";70360;78;1198;6,51;"Tulfes"
"1805";70361;13;182;7,14;"Unterperfuss"
"1806";70362;23;440;5,23;"Vals"
"1807";70364;580;5082;11,41;"Völs"
"1808";70365;292;3408;8,57;"Volders"
"1809";70366;22;601;3,66;"Wattenberg"
"1810";70367;432;5959;7,25;"Wattens"
"1811";70368;65;690;9,42;"Wildermieming"
"1812";70369;742;5982;12,4;"Zirl"
"1813";70401;45;855;5,26;"Aurach bei Kitzbühel"
"1814";70402;150;2012;7,46;"Brixen im Thale"
"1815";70403;196;3289;5,96;"Fieberbrunn"
"1816";70404;58;1300;4,46;"Going am Wilden Kaiser"
"1817";70405;64;894;7,16;"Hochfilzen"
"1818";70406;214;4233;5,06;"Hopfgarten im Brixental"
"1819";70407;77;888;8,67;"Itter"
"1820";70408;56;1193;4,69;"Jochberg"
"1821";70409;226;3667;6,16;"Kirchberg in Tirol"
"1822";70410;172;2839;6,06;"Kirchdorf in Tirol"
"1823";70411;476;5826;8,17;"Kitzbühel"
"1824";70412;128;2978;4,3;"Kössen"
"1825";70413;103;1604;6,42;"Oberndorf in Tirol"
"1826";70414;102;1142;8,93;"Reith bei Kitzbühel"
"1827";70415;26;569;4,57;"St. Jakob in Haus"
"1828";70416;484;6524;7,42;"St. Johann in Tirol"
"1829";70417;51;1193;4,27;"St. Ulrich am Pillersee"
"1830";70418;31;576;5,38;"Schwendt"
"1831";70419;99;1506;6,57;"Waidring"
"1832";70420;206;2750;7,49;"Westendorf"
"1833";70501;92;1909;4,82;"Alpbach"
"1834";70502;53;756;7,01;"Angath"
"1835";70503;187;1985;9,42;"Bad Häring"
"1836";70504;52;1228;4,23;"Brandenberg"
"1837";70505;134;2650;5,06;"Breitenbach am Inn"
"1838";70506;134;2215;6,05;"Brixlegg"
"1839";70508;221;4069;5,43;"Ebbs"
"1840";70509;94;1872;5,02;"Ellmau"
"1841";70510;51;1037;4,92;"Erl"
"1842";70511;274;4310;6,36;"Kirchbichl"
"1843";70512;340;3764;9,03;"Kramsach"
"1844";70513;920;12102;7,6;"Kufstein"
"1845";70514;196;3216;6,09;"Kundl"
"1846";70515;162;3022;5,36;"Langkampfen"
"1847";70516;42;254;16,54;"Mariastein"
"1848";70517;189;2571;7,35;"Münster"
"1849";70518;125;1973;6,34;"Niederndorf"
"1850";70519;21;484;4,34;"Niederndorferberg"
"1851";70520;100;1752;5,71;"Radfeld"
"1852";70521;17;266;6,39;"Rattenberg"
"1853";70522;125;1980;6,31;"Reith im Alpbachtal"
"1854";70523;9;362;2,49;"Rettenschöss"
"1855";70524;35;1036;3,38;"Scheffau am Wilden Kaiser"
"1856";70525;123;1913;6,43;"Schwoich"
"1857";70526;132;2625;5,03;"Söll"
"1858";70527;98;2121;4,62;"Thiersee"
"1859";70528;122;1451;8,41;"Angerberg"
"1860";70529;52;1307;3,98;"Walchsee"
"1861";70530;69;3139;2,2;"Wildschönau"
"1862";70531;611;9065;6,74;"Wörgl"
"1863";70601;19;280;6,79;"Faggen"
"1864";70602;24;212;11,32;"Fendels"
"1865";70603;29;716;4,05;"Fiss"
"1866";70604;60;2320;2,59;"Fließ"
"1867";70605;43;757;5,68;"Flirsch"
"1868";70606;17;598;2,84;"Galtür"
"1869";70607;62;1092;5,68;"Grins"
"1870";70608;44;1225;3,59;"Ischgl"
"1871";70609;47;2073;2,27;"Kappl"
"1872";70610;6;329;1,82;"Kaunerberg"
"1873";70611;12;455;2,64;"Kaunertal"
"1874";70612;16;393;4,07;"Kauns"
"1875";70613;21;410;5,12;"Ladis"
"1876";70614;326;5583;5,84;"Landeck"
"1877";70615;73;1104;6,61;"Nauders"
"1878";70616;58;1131;5,13;"Pettneu am Arlberg"
"1879";70617;59;1976;2,99;"Pfunds"
"1880";70618;38;614;6,19;"Pians"
"1881";70619;61;1321;4,62;"Prutz"
"1882";70620;41;912;4,5;"Ried im Oberinntal"
"1883";70621;130;1774;7,33;"St. Anton am Arlberg"
"1884";70622;90;1311;6,86;"Schönwies"
"1885";70623;26;941;2,76;"See"
"1886";70624;37;867;4,27;"Serfaus"
"1887";70625;0;97;0;"Spiss"
"1888";70626;57;475;12;"Stanz bei Landeck"
"1889";70627;30;962;3,12;"Strengen"
"1890";70628;16;399;4,01;"Tobadill"
"1891";70629;17;565;3,01;"Tösens"
"1892";70630;203;2657;7,64;"Zams"
"1893";70701;38;488;7,79;"Abfaltersbach"
"1894";70702;32;764;4,19;"Ainet"
"1895";70703;26;376;6,91;"Amlach"
"1896";70704;30;997;3,01;"Anras"
"1897";70705;92;1472;6,25;"Assling"
"1898";70706;28;645;4,34;"Außervillgraten"
"1899";70707;111;1852;5,99;"Dölsach"
"1900";70708;73;669;10,91;"Gaimberg"
"1901";70709;43;601;7,15;"Hopfgarten in Defereggen"
"1902";70710;19;738;2,57;"Innervillgraten"
"1903";70711;19;484;3,93;"Iselsberg-Stronach"
"1904";70712;36;940;3,83;"Kals am Großglockner"
"1905";70713;22;646;3,41;"Kartitsch"
"1906";70714;31;257;12,06;"Lavant"
"1907";70715;39;598;6,52;"Leisach"
"1908";70716;893;9494;9,41;"Lienz"
"1909";70717;30;3849;0,78;"Matrei in Osttirol"
"1910";70718;43;697;6,17;"Nikolsdorf"
"1911";70719;229;2695;8,5;"Nußdorf-Debant"
"1912";70720;80;1229;6,51;"Oberlienz"
"1913";70721;16;563;2,84;"Obertilliach"
"1914";70723;28;951;2,94;"Prägraten am Großvenediger"
"1915";70724;51;702;7,26;"St. Jakob in Defereggen"
"1916";70725;5;228;2,19;"St. Johann im Walde"
"1917";70726;20;546;3,66;"St. Veit in Defereggen"
"1918";70727;21;386;5,44;"Schlaiten"
"1919";70728;99;1665;5,95;"Sillian"
"1920";70729;39;642;6,07;"Strassen"
"1921";70731;34;505;6,73;"Thurn"
"1922";70732;81;1132;7,16;"Tristach"
"1923";70733;4;185;2,16;"Untertilliach"
"1924";70734;43;1750;2,46;"Virgen"
"1925";70735;70;780;8,97;"Heinfels"
"1926";70801;5;475;1,05;"Bach"
"1927";70802;36;415;8,67;"Berwang"
"1928";70803;15;438;3,42;"Biberwier"
"1929";70804;35;546;6,41;"Bichlbach"
"1930";70805;116;1095;10,59;"Breitenwang"
"1931";70806;44;619;7,11;"Ehenbichl"
"1932";70807;75;1740;4,31;"Ehrwald"
"1933";70808;25;655;3,82;"Elbigenalp"
"1934";70809;7;287;2,44;"Elmen"
"1935";70810;16;192;8,33;"Forchach"
"1936";70811;12;368;3,26;"Grän"
"1937";70812;8;30;26,67;"Gramais"
"1938";70813;25;529;4,73;"Häselgehr"
"1939";70814;17;404;4,21;"Heiterwang"
"1940";70815;0;69;0;"Hinterhornbach"
"1941";70816;65;925;7,03;"Höfen"
"1942";70817;14;298;4,7;"Holzgau"
"1943";70818;6;97;6,19;"Jungholz"
"1944";70819;2;58;3,45;"Kaisers"
"1945";70820;75;1486;5,05;"Lechaschau"
"1946";70821;50;761;6,57;"Lermoos"
"1947";70822;17;285;5,96;"Musau"
"1948";70823;1;64;1,56;"Namlos"
"1949";70824;14;322;4,35;"Nesselwängle"
"1950";70825;1;89;1,12;"Pfafflar"
"1951";70826;80;928;8,62;"Pflach"
"1952";70827;20;276;7,25;"Pinswang"
"1953";70828;285;4181;6,82;"Reutte"
"1954";70829;14;303;4,62;"Schattwald"
"1955";70830;22;346;6,36;"Stanzach"
"1956";70831;8;532;1,5;"Steeg"
"1957";70832;28;697;4,02;"Tannheim"
"1958";70833;49;1073;4,57;"Vils"
"1959";70834;16;207;7,73;"Vorderhornbach"
"1960";70835;42;686;6,12;"Wängle"
"1961";70836;59;952;6,2;"Weißenbach am Lech"
"1962";70837;13;175;7,43;"Zöblen"
"1963";70901;79;1565;5,05;"Achenkirch"
"1964";70902;40;1342;2,98;"Aschau im Zillertal"
"1965";70903;6;274;2,19;"Brandberg"
"1966";70904;50;845;5,92;"Bruck am Ziller"
"1967";70905;139;1993;6,97;"Buch in Tirol"
"1968";70907;149;2074;7,18;"Eben am Achensee"
"1969";70908;41;1092;3,75;"Finkenberg"
"1970";70909;111;2797;3,97;"Fügen"
"1971";70910;30;1048;2,86;"Fügenberg"
"1972";70911;16;481;3,33;"Gallzein"
"1973";70912;23;598;3,85;"Gerlos"
"1974";70913;2;366;0,55;"Gerlosberg"
"1975";70914;17;537;3,17;"Hainzenberg"
"1976";70915;45;1185;3,8;"Hart im Zillertal"
"1977";70916;23;1095;2,1;"Hippach"
"1978";70917;353;4887;7,22;"Jenbach"
"1979";70918;36;914;3,94;"Kaltenbach"
"1980";70920;39;2605;1,5;"Mayrhofen"
"1981";70921;61;904;6,75;"Pill"
"1982";70922;36;1207;2,98;"Ramsau im Zillertal"
"1983";70923;51;915;5,57;"Ried im Zillertal"
"1984";70924;14;420;3,33;"Rohrberg"
"1985";70925;39;1066;3,66;"Schlitters"
"1986";70926;793;9940;7,98;"Schwaz"
"1987";70927;28;1217;2,3;"Schwendau"
"1988";70928;130;1595;8,15;"Stans"
"1989";70929;4;217;1,84;"Steinberg am Rofan"
"1990";70930;43;632;6,8;"Strass im Zillertal"
"1991";70931;58;1439;4,03;"Stumm"
"1992";70932;10;658;1,52;"Stummerberg"
"1993";70933;190;1628;11,67;"Terfens"
"1994";70934;69;1412;4,89;"Tux"
"1995";70935;73;1323;5,52;"Uderns"
"1996";70936;271;3745;7,24;"Vomp"
"1997";70937;103;1188;8,67;"Weer"
"1998";70938;67;1927;3,48;"Weerberg"
"1999";70939;137;1625;8,43;"Wiesing"
"2000";70940;59;1290;4,57;"Zell am Ziller"
"2001";70941;21;513;4,09;"Zellberg"
"2002";80101;77;1738;4,43;"Bartholomäberg"
"2003";80102;27;228;11,84;"Blons"
"2004";80103;741;9570;7,74;"Bludenz"
"2005";80104;117;1527;7,66;"Bludesch"
"2006";80105;33;489;6,75;"Brand"
"2007";80106;206;2296;8,97;"Bürs"
"2008";80107;39;424;9,2;"Bürserberg"
"2009";80108;110;1149;9,57;"Dalaas"
"2010";80109;12;334;3,59;"Fontanella"
"2011";80110;55;1151;4,78;"Gaschurn"
"2012";80111;81;742;10,92;"Innerbraz"
"2013";80112;13;505;2,57;"Klösterle"
"2014";80113;120;1144;10,49;"Lech"
"2015";80114;18;200;9;"Lorüns"
"2016";80115;180;2352;7,65;"Ludesch"
"2017";80116;318;4547;6,99;"Nenzing"
"2018";80117;371;3699;10,03;"Nüziders"
"2019";80118;53;626;8,47;"Raggal"
"2020";80119;60;521;11,52;"St. Anton im Montafon"
"2021";80120;56;1720;3,26;"St. Gallenkirch"
"2022";80121;9;278;3,24;"St. Gerold"
"2023";80122;212;2715;7,81;"Schruns"
"2024";80123;20;661;3,03;"Silbertal"
"2025";80124;21;514;4,09;"Sonntag"
"2026";80125;17;211;8,06;"Stallehr"
"2027";80126;172;1615;10,65;"Thüringen"
"2028";80127;32;551;5,81;"Thüringerberg"
"2029";80128;146;1713;8,52;"Tschagguns"
"2030";80129;154;2001;7,7;"Vandans"
"2031";80201;153;2420;6,32;"Alberschwende"
"2032";80202;120;1817;6,6;"Andelsbuch"
"2033";80203;51;1344;3,79;"Au"
"2034";80204;54;1366;3,95;"Bezau"
"2035";80205;33;586;5,63;"Bildstein"
"2036";80206;42;783;5,36;"Bizau"
"2037";80207;1242;19278;6,44;"Bregenz"
"2038";80208;19;458;4,15;"Buch"
"2039";80209;7;222;3,15;"Damüls"
"2040";80210;44;739;5,95;"Doren"
"2041";80211;178;2693;6,61;"Egg"
"2042";80212;16;270;5,93;"Eichenberg"
"2043";80213;142;2658;5,34;"Fußach"
"2044";80214;56;1312;4,27;"Gaißau"
"2045";80215;700;9263;7,56;"Hard"
"2046";80216;115;1392;8,26;"Hittisau"
"2047";80217;379;5615;6,75;"Höchst"
"2048";80218;338;4538;7,45;"Hörbranz"
"2049";80219;88;896;9,82;"Hohenweiler"
"2050";80220;121;1362;8,88;"Kennelbach"
"2051";80221;43;782;5,5;"Krumbach"
"2052";80222;59;1049;5,62;"Langen bei Bregenz"
"2053";80223;52;812;6,4;"Langenegg"
"2054";80224;553;7050;7,84;"Lauterach"
"2055";80225;89;1090;8,17;"Lingenau"
"2056";80226;345;4072;8,47;"Lochau"
"2057";80227;44;949;4,64;"Mellau"
"2058";80228;84;2398;3,5;"Mittelberg"
"2059";80229;11;403;2,73;"Möggers"
"2060";80230;18;444;4,05;"Reuthe"
"2061";80231;14;705;1,99;"Riefensberg"
"2062";80232;17;333;5,11;"Schnepfau"
"2063";80233;31;695;4,46;"Schoppernau"
"2064";80234;11;152;7,24;"Schröcken"
"2065";80235;298;2873;10,37;"Schwarzach"
"2066";80236;74;1366;5,42;"Schwarzenberg"
"2067";80237;20;314;6,37;"Sibratsgfäll"
"2068";80238;93;1256;7,4;"Sulzberg"
"2069";80239;8;144;5,56;"Warth"
"2070";80240;536;5933;9,03;"Wolfurt"
"2071";80301;2519;33838;7,44;"Dornbirn"
"2072";80302;538;10857;4,96;"Hohenems"
"2073";80303;854;15430;5,53;"Lustenau"
"2074";80401;415;4901;8,47;"Altach"
"2075";80402;27;306;8,82;"Düns"
"2076";80403;2;115;1,74;"Dünserberg"
"2077";80404;1840;22954;8,02;"Feldkirch"
"2078";80405;297;4333;6,85;"Frastanz"
"2079";80406;39;525;7,43;"Fraxern"
"2080";80407;274;2514;10,9;"Göfis"
"2081";80408;627;7963;7,87;"Götzis"
"2082";80409;244;2274;10,73;"Klaus"
"2083";80410;258;3444;7,49;"Koblach"
"2084";80411;24;531;4,52;"Laterns"
"2085";80412;155;2845;5,45;"Mäder"
"2086";80413;65;1574;4,13;"Meiningen"
"2087";80414;785;8347;9,4;"Rankweil"
"2088";80415;30;255;11,76;"Röns"
"2089";80416;155;1485;10,44;"Röthis"
"2090";80417;191;2069;9,23;"Satteins"
"2091";80418;95;1628;5,84;"Schlins"
"2092";80419;43;595;7,23;"Schnifis"
"2093";80420;186;1831;10,16;"Sulz"
"2094";80421;52;490;10,61;"Übersaxen"
"2095";80422;19;305;6,23;"Viktorsberg"
"2096";80423;125;1499;8,34;"Weiler"
"2097";80424;194;2394;8,1;"Zwischenwasser"
"2098";90101;1470;12019;12,23;"Innere Stadt"
"2099";90201;5882;60109;9,79;"Leopoldstadt"
"2100";90301;5756;56012;10,28;"Landstraße"
"2101";90401;2184;20748;10,53;"Wieden"
"2102";90501;3080;31540;9,77;"Margareten"
"2103";90601;2228;20645;10,79;"Mariahilf"
"2104";90701;2845;20746;13,71;"Neubau"
"2105";90801;1972;16224;12,15;"Josefstadt"
"2106";90901;3263;26418;12,35;"Alsergrund"
"2107";91101;2812;60317;4,66;"Simmering"
"2108";91201;3819;55483;6,88;"Meidling"
"2109";91301;4011;38123;10,52;"Hietzing"
"2110";91401;5116;59633;8,58;"Penzing"
"2111";91501;3189;39927;7,99;"Rudolfsheim-Fünfhaus"
"2112";91601;5093;57810;8,81;"Ottakring"
"2113";91701;3509;32885;10,67;"Hernals"
"2114";91801;4261;32848;12,97;"Währing"
"2115";91901;4164;48151;8,65;"Döbling"
"2116";92101;6179;106358;5,81;"Floridsdorf"
"2117";92201;8264;125524;6,58;"Donaustadt"
"2118";92301;5931;71996;8,24;"Liesing"
